Div,Date,HomeTeam,AwayTeam,FTHG,FTAG,FTR,HTHG,HTAG,HTR,B365H,B365D,B365A,GBH,GBD,GBA,IWH,IWD,IWA,LBH,LBD,LBA,SOH,SOD,SOA,SBH,SBD,SBA,WHH,WHD,WHA,GB>2.5,GB<2.5,GBAHH,GBAHA,GBAH,B365AHH,B365AHA,B365AH
F1,01/08/2003,Lille,Lyon,1,0,H,1,0,H,2.875,3,2.25,2.95,3.1,2.27,2.7,2.9,2.4,2.875,3,2.25,,,,3,3,2.25,3,3,2.2,2.05,1.6,1.85,1.95,0.25,,,
F1,02/08/2003,Auxerre,Nice,1,2,A,0,1,A,1.727,3.1,4.5,1.7,3.1,4.9,1.7,3.1,4.4,1.615,3.25,5,,,,1.72,3.1,4.75,1.66,3.1,5,2.15,1.55,2,1.8,-0.75,2.05,1.85,-0.75
F1,02/08/2003,Guingamp,Marseille,0,1,A,0,0,D,2.5,2.875,2.625,2.55,3,2.65,2.7,2.9,2.4,2.5,3.2,2.5,,,,2.6,3,2.5,2.6,3.1,2.4,2.05,1.6,1.9,1.9,0,1.925,1.975,0
F1,02/08/2003,Lens,Le Mans,0,0,D,0,0,D,1.571,3.25,5.5,1.67,3.35,4.85,1.6,3.3,4.8,1.571,3.25,5.5,,,,1.61,3.25,5.25,1.66,3.3,4.5,1.9,1.7,1.85,1.95,-0.75,1.9,2,-0.75
F1,02/08/2003,Metz,Ajaccio,0,1,A,0,1,A,2,3,3.4,1.93,3.1,3.8,1.8,3.1,3.8,2,3,3.4,,,,1.95,3.1,3.6,1.8,3.25,3.8,2.05,1.6,1.9,1.9,-0.5,2,1.9,-0.5
F1,02/08/2003,Monaco,Bordeaux,2,0,H,1,0,H,1.909,3,3.75,1.93,3.1,3.75,1.9,3.1,3.5,2,3.2,3.2,,,,1.9,3.1,3.75,1.83,3,4,2.05,1.6,1.9,1.9,-0.5,1.925,1.975,-0.5
F1,02/08/2003,Montpellier,Rennes,1,1,D,0,1,A,1.909,3,3.75,1.95,3.15,3.7,2,2.9,3.4,2,3.2,3.2,,,,1.95,3.1,3.6,1.83,3.2,3.75,2.05,1.6,1.95,1.85,-0.5,2.05,1.85,-0.5
F1,02/08/2003,Paris SG,Bastia,0,0,D,0,0,D,1.533,3.4,5.5,1.6,3.33,5.5,1.45,3.6,5.8,1.5,3.25,6.5,,,,1.53,3.4,6,1.53,3.25,6,1.9,1.7,1.9,1.9,-1,1.8,2.1,-0.75
F1,02/08/2003,Sochaux,Nantes,2,1,H,1,1,D,1.909,3,3.75,1.91,3.15,3.75,1.85,3.1,3.6,2,3.2,3.2,,,,1.9,3.1,3.75,2,3,3.4,2.15,1.55,1.9,1.9,-0.5,1.975,1.925,-0.5
F1,02/08/2003,Toulouse,Strasbourg,1,1,D,0,0,D,2.1,3,3.2,2,3.1,3.5,1.85,3.1,3.6,2.1,3,3.2,,,,1.95,3,3.75,1.9,3,3.75,2.15,1.55,1.75,2.05,-0.25,1.8,2.1,-0.25
F1,08/08/2003,Marseille,Auxerre,1,0,H,0,0,D,1.8,3.1,4,1.8,3.1,4.3,1.7,3.1,4.4,1.8,3.2,4,,,,1.75,3.1,4.5,,,,2.05,1.6,1.75,2.05,-0.5,1.875,2.025,-0.5
F1,09/08/2003,Bastia,Metz,0,2,A,0,1,A,1.667,3.1,5,1.7,3.2,5,1.7,3.1,4.4,1.727,3.2,4.333,,,,1.72,3.1,4.75,1.66,3.3,4.5,2.05,1.6,1.95,1.85,-0.75,1.975,1.925,-0.75
F1,09/08/2003,Bordeaux,Montpellier,0,1,A,0,0,D,1.571,3.25,5.5,1.6,3.3,5.75,1.45,3.6,5.8,1.667,3.2,5,,,,1.57,3.4,5.5,1.53,3.25,6,1.95,1.65,2.12,1.7,-1,1.8,2.1,-0.75
F1,09/08/2003,Le Mans,Ajaccio,0,1,A,0,1,A,1.909,3,3.75,1.95,3.15,3.6,1.9,3,3.6,2.1,3.2,3,,,,2,3,3.6,1.83,3,4,2.15,1.55,1.7,2.12,-0.25,2.075,1.825,-0.5
F1,09/08/2003,Lille,Paris SG,1,0,H,1,0,H,2.5,2.875,2.625,2.6,3.1,2.55,2.4,2.9,2.7,2.5,2.875,2.625,,,,2.6,3,2.5,2.5,2.9,2.62,2.15,1.55,1.9,1.9,0,1.85,2.05,0
F1,09/08/2003,Lyon,Monaco,3,1,H,3,0,H,1.909,3,3.75,1.97,3,3.65,1.9,3,3.6,2.1,3,3.2,,,,2,3,3.6,1.83,3,4,1.85,1.75,1.95,1.85,-0.5,2,1.9,-0.5
F1,09/08/2003,Nantes,Lens,2,0,H,0,0,D,1.909,3,3.75,2,3,3.65,2,2.9,3.4,2,3,3.4,,,,2,3,3.6,1.9,3,3.75,2.15,1.55,1.8,2,-0.25,1.75,2.15,-0.25
F1,09/08/2003,Nice,Sochaux,1,0,H,0,0,D,2,3,3.4,2,3.1,3.6,1.9,3,3.6,2.1,3,3.2,,,,2,3,3.6,1.9,3,3.75,2.2,1.5,1.8,2,-0.25,2.1,1.8,-0.5
F1,09/08/2003,Rennes,Toulouse,1,0,H,1,0,H,1.909,3,3.75,1.91,3.2,3.75,1.8,3,4,1.8,3.2,4,,,,1.9,3.1,3.75,1.9,3,3.75,1.9,1.7,1.9,1.9,-0.5,,,
F1,09/08/2003,Strasbourg,Guingamp,2,0,H,1,0,H,2.1,3,3.2,2.1,3,3.4,2,2.9,3.4,2.1,3.2,3,,,,2.1,3,3.3,2,3.2,3.2,1.95,1.65,1.8,2,-0.25,,,
F1,16/08/2003,Ajaccio,Nantes,1,3,A,0,2,A,2.3,3,2.875,2.25,3.05,3,2.4,2.9,2.7,2.25,3,2.875,,,,2.25,3,3,2.3,2.8,3,2.35,1.45,2,1.8,-0.25,2.1,1.8,-0.25
F1,16/08/2003,Auxerre,Strasbourg,3,2,H,2,1,H,1.727,3,5,1.7,3.2,4.8,1.65,3.2,4.6,1.667,3.25,4.5,,,,1.66,3.2,5,1.66,3.1,5,2.15,1.55,2.15,1.7,-1,2.1,1.8,-0.75
F1,16/08/2003,Guingamp,Bordeaux,1,3,A,1,2,A,2.375,3,2.75,2.3,3,2.95,2.3,2.9,2.8,2.25,3,2.875,,,,2.37,3,2.75,2.37,3,2.7,2.05,1.6,1.8,2,0,1.825,2.075,0
F1,16/08/2003,Le Mans,Nice,1,1,D,1,1,D,2.5,3,2.625,2.5,2.95,2.75,2.6,2.7,2.7,2.5,3,2.6,,,,2.4,2.87,2.87,2.4,2.9,2.75,2.35,1.45,1.9,1.9,0,1.875,2.025,0
F1,16/08/2003,Metz,Paris SG,0,1,A,0,0,D,2.5,3,2.625,2.7,3,2.5,2.8,2.9,2.3,2.6,3,2.5,,,,2.6,3,2.5,2.6,2.8,2.6,2.15,1.55,1.95,1.85,0,2,1.9,0
F1,16/08/2003,Monaco,Bastia,2,0,H,2,0,H,1.5,3.4,6.5,1.55,3.5,5.75,1.45,3.6,5.8,1.5,3.4,6,,,,1.53,3.4,6,1.5,3.3,6.5,1.9,1.7,2,1.8,-1,2.05,1.85,-1
F1,16/08/2003,Montpellier,Lyon,0,2,A,0,2,A,2.75,3,2.375,2.85,3,2.4,2.8,2.8,2.4,2.75,3,2.375,,,,2.87,3,2.3,2.8,2.9,2.37,1.95,1.65,2,1.8,0,1.85,2.05,0.25
F1,16/08/2003,Sochaux,Rennes,1,1,D,0,0,D,1.727,3,5,1.75,3.2,4.6,1.75,3.1,4.2,1.8,3.2,4,,,,1.75,3.2,4.33,1.72,3.1,4.5,2.05,1.6,2.05,1.75,-0.75,2,1.9,-0.75
F1,16/08/2003,Toulouse,Lille,0,3,A,0,1,A,2.3,3,2.875,2.25,3,3.05,2.3,2.8,2.9,2.25,3,2.875,,,,2.3,3,2.87,2.2,3,3,2.25,1.5,2,1.8,-0.25,1.8,2.1,0
F1,17/08/2003,Lens,Marseille,2,1,H,1,1,D,2.5,3,2.625,2.65,3,2.6,2.4,2.9,2.7,2.5,3,2.6,,,,2.5,3,2.6,2.5,2.9,2.62,2.25,1.5,1.9,1.9,0,1.875,2.025,0
F1,23/08/2003,Bastia,Montpellier,1,0,H,0,0,D,1.909,3,3.75,1.9,3.1,3.75,1.85,3,3.8,2,3.2,3.2,,,,2,3,3.5,2,3,3.4,1.95,1.66,1.9,1.88,-0.5,2.025,1.875,-0.5
F1,23/08/2003,Bordeaux,Auxerre,2,0,H,2,0,H,1.909,3,3.75,1.95,3.1,3.6,1.9,3,3.6,2,3,3.4,,,,1.9,3.1,3.75,1.83,3,4,2.1,1.56,1.95,1.8,-0.5,2.05,1.85,-0.5
F1,23/08/2003,Lille,Metz,1,1,D,0,1,A,1.667,3.1,5,1.65,3.25,5,1.7,3.1,4.4,1.727,3.2,4.333,,,,1.7,3.2,4.75,1.61,3.1,5.5,2,1.61,1.8,1.98,-0.75,1.9,2,-0.75
F1,23/08/2003,Lyon,Toulouse,0,0,D,0,0,D,1.286,4.5,8,1.3,4.4,8.5,1.3,4.2,8,1.333,4,8,,,,1.33,4.2,8,1.36,3.75,8,1.66,1.95,1.9,1.88,-1.5,1.95,1.95,-1.5
F1,23/08/2003,Marseille,Sochaux,2,0,H,1,0,H,1.667,3.1,5,1.65,3.25,5,1.7,3.1,4.4,1.615,3.25,5,,,,1.66,3.2,5,1.57,3.3,5.5,1.95,1.66,1.8,1.98,-0.75,1.925,1.975,-0.75
F1,23/08/2003,Nantes,Le Mans,1,0,H,0,0,D,1.615,3.25,5,1.65,3.25,5,1.65,3.2,4.6,1.615,3.25,5,,,,1.61,3.25,5.25,1.61,3.1,5.5,2,1.61,1.8,1.98,-0.75,1.9,2,-0.75
F1,23/08/2003,Nice,Ajaccio,2,2,D,1,1,D,1.667,3.1,5,1.7,3.2,4.75,1.7,3.1,4.4,1.727,3.2,4.333,,,,1.66,3.2,5,1.66,3.1,5,2,1.61,1.95,1.82,-0.75,2.05,1.85,-0.75
F1,23/08/2003,Rennes,Guingamp,0,0,D,0,0,D,1.8,3.1,4,1.85,3.1,4,1.85,3,3.8,1.909,3.2,3.5,,,,1.9,3.1,3.75,1.9,3.1,3.6,2,1.61,1.85,1.92,-0.5,1.95,1.95,-0.5
F1,23/08/2003,Strasbourg,Lens,0,1,A,0,1,A,2.25,2.875,3,2.25,2.9,3.1,1.9,3,3.6,2.1,3,3.2,,,,2.3,2.87,3,2.25,2.87,3,2.1,1.56,1.98,1.8,-0.25,2.1,1.8,-0.25
F1,24/08/2003,Paris SG,Monaco,2,4,A,1,2,A,2.1,3,3.2,2.2,3,3.1,2.3,2.9,2.8,2.1,3,3.2,,,,2.2,2.87,3.2,2.1,2.87,3.3,1.95,1.66,1.92,1.85,-0.25,2.025,1.875,-0.25
F1,30/08/2003,Auxerre,Rennes,2,1,H,1,0,H,1.667,3.2,5,1.7,3.1,5,1.75,3.2,4,1.667,3.25,4.5,,,,1.72,3.2,4.5,1.72,3.1,4.5,2,1.61,2.1,1.7,-1,1.925,1.975,-0.75
F1,30/08/2003,Guingamp,Lyon,2,0,H,2,0,H,3.25,3,2.1,3.25,3.05,2.1,3.2,2.9,2.1,3.2,3,2.1,,,,3.2,2.87,2.2,3.3,3.1,2,1.9,1.7,2.1,1.7,0.25,1.975,1.925,0.25
F1,30/08/2003,Le Mans,Strasbourg,0,3,A,0,1,A,2.1,3,3.25,2.15,3,3.2,2.2,2.7,3.2,2.25,3,2.875,,,,2.2,2.87,3.2,2.1,2.87,3.3,2.2,1.51,1.9,1.9,-0.25,2,1.9,-0.25
F1,30/08/2003,Montpellier,Paris SG,3,2,H,0,1,A,2.5,3,2.625,2.65,3,2.5,2.9,2.8,2.3,2.625,2.875,2.5,,,,2.6,2.87,2.6,2.62,2.9,2.5,2.1,1.56,2,1.8,0,2.05,1.85,0
F1,30/08/2003,Nantes,Bordeaux,0,0,D,0,0,D,2.1,3,3.25,2.1,3.05,3.25,1.9,3.1,3.5,2,3,3.4,,,,2.2,2.87,3.2,2.1,2.87,3.3,2.1,1.56,1.8,2,-0.25,1.825,2.075,-0.25
F1,30/08/2003,Sochaux,Lille,2,1,H,2,1,H,2.1,3,3.25,2.05,3.1,3.35,2,2.8,3.6,2.1,3,3.2,,,,2.1,3,3.25,2.1,2.87,3.3,2.2,1.51,1.85,1.95,-0.25,1.825,2.075,-0.25
F1,30/08/2003,Toulouse,Bastia,0,2,A,0,2,A,2,3,3.5,2.1,3,3.3,2.1,2.7,3.5,1.727,3.2,4.333,,,,2,3,3.5,2,3,3.4,2.2,1.51,1.85,1.95,-0.25,1.8,2.1,-0.25
F1,31/08/2003,Ajaccio,Marseille,0,1,A,0,0,D,2.875,3,2.3,2.95,3,2.3,2.9,2.8,2.3,2.75,3,2.375,,,,2.87,2.87,2.37,2.8,3,2.3,2.2,1.51,1.8,2,0.25,1.85,2.05,0.25
F1,31/08/2003,Lens,Nice,1,0,H,0,0,D,1.909,3,3.8,2,3,3.6,2,2.8,3.6,1.909,3,3.75,,,,2,3,3.5,1.9,3,3.75,2.1,1.56,1.95,1.85,-0.5,2,1.9,-0.5
F1,31/08/2003,Monaco,Metz,1,0,H,1,0,H,1.364,3.75,9,1.45,3.65,6.75,1.5,3.4,5.6,1.4,3.75,7,,,,1.44,3.6,7,1.4,3.5,8,1.95,1.66,1.9,1.9,-1.25,2,1.9,-1.25
F1,13/09/2003,Bastia,Guingamp,4,2,H,2,0,H,1.83,3,4.33,1.85,3.1,4.15,1.85,3.1,3.6,1.909,3.2,3.5,,,,1.85,3.1,4,1.9,3.1,3.6,2.1,1.56,1.85,1.95,-0.5,1.95,1.95,-0.5
F1,13/09/2003,Bordeaux,Sochaux,1,3,A,1,1,D,1.72,3.2,4.5,1.8,3.15,4.35,1.7,3.2,4.2,1.727,3.2,4.333,,,,1.72,3.2,4.5,1.66,3.3,4.5,2.1,1.56,1.8,2,-0.5,2.075,1.825,-0.75
F1,13/09/2003,Lille,Monaco,1,1,D,0,1,A,2.6,2.87,2.6,2.5,3,2.7,2.8,2.8,2.4,2.5,3.2,2.5,,,,2.5,3,2.62,2.62,2.9,2.5,2.1,1.56,1.9,1.9,0,1.925,1.975,-0.75
F1,13/09/2003,Lyon,Auxerre,1,1,D,1,1,D,1.66,3.2,5,1.7,3.15,5.1,1.6,3.3,4.8,1.667,3.25,4.5,,,,1.66,3.2,5,1.66,3.1,5,1.9,1.7,1.95,1.85,-0.75,1.95,1.95,-0.75
F1,13/09/2003,Marseille,Le Mans,5,0,H,2,0,H,1.36,3.75,8.5,1.4,3.8,8,1.4,3.7,6.5,1.4,3.6,7.5,,,,1.4,3.75,7.5,1.33,4,8,2,1.61,1.8,2,-1.25,2.05,1.85,-1.5
F1,13/09/2003,Metz,Montpellier,2,1,H,1,0,H,2.2,3,3.1,2.1,3,3.4,2.1,2.9,3.2,2.1,3,3.2,,,,2.1,3,3.25,2.1,2.87,3.3,2.2,1.55,1.9,1.9,-0.25,1.95,1.95,-0.25
F1,13/09/2003,Nice,Nantes,1,0,H,1,0,H,2.1,3,3.25,2.1,3,3.4,2.2,2.9,3,2.25,3,2.875,,,,2.1,3,3.25,2.2,3,3,2.1,1.56,1.9,1.9,-0.25,1.85,2.05,-0.25
F1,13/09/2003,Rennes,Lens,2,0,H,1,0,H,2.37,3,2.75,2.3,2.9,3,2.3,2.8,2.9,2.375,3,2.75,,,,2.3,2.87,3,2.37,3,2.7,2.2,1.55,1.8,2,0,1.825,2.075,-0.25
F1,13/09/2003,Strasbourg,Ajaccio,3,2,H,3,2,H,1.8,3,4.33,1.9,3.2,3.8,1.9,2.9,3.8,1.8,3.2,4,,,,1.9,3.1,3.75,1.83,3,4,2.2,1.55,1.9,1.9,-0.5,1.95,1.95,-0.5
F1,14/09/2003,Paris SG,Toulouse,2,1,H,1,0,H,1.44,3.4,7.5,1.5,3.5,6.7,1.55,3.4,5,1.444,3.4,7.5,,,,1.53,3.4,6,1.57,3.3,5.5,2,1.61,1.9,1.9,-1,1.825,2.075,-1
F1,20/09/2003,Ajaccio,Rennes,1,0,H,1,0,H,2.1,3,3.25,2.12,3,3.35,2.1,2.9,3.2,2.2,3,3,,,,2.1,3,3.25,2.1,3,3.2,2.3,1.46,1.8,2,-0.75,2.1,1.8,-0.5
F1,20/09/2003,Auxerre,Bastia,4,1,H,3,1,H,1.72,3.2,4.5,1.72,3.25,4.65,1.65,3.2,4.6,1.667,3.25,4.5,,,,1.72,3.2,4.5,1.66,3.3,4.5,2.2,1.51,1.9,1.9,0,1.925,1.975,-0.75
F1,20/09/2003,Guingamp,Paris SG,0,2,A,0,0,D,2.5,3,2.62,2.6,2.92,2.65,2.4,2.9,2.7,2.5,2.875,2.625,,,,2.5,3,2.6,2.5,3.1,2.5,2,1.61,1.88,1.92,0.5,1.9,2,0
F1,20/09/2003,Lens,Bordeaux,1,0,H,1,0,H,2.1,3,3.25,2.05,3.05,3.52,2.2,2.7,3.2,1.909,3.2,3.5,,,,2,3,3.5,1.9,3.1,3.6,2,1.61,1.8,2,-0.25,1.9,2,-0.25
F1,20/09/2003,Nice,Lille,2,0,H,2,0,H,1.9,3,3.8,1.98,3,3.8,1.85,3,3.8,2,3,3.4,,,,1.9,3.1,3.75,1.9,3.1,3.6,2.2,1.51,1.85,1.95,0.25,1.95,1.95,-0.5
F1,20/09/2003,Sochaux,Strasbourg,3,0,H,2,0,H,1.8,3,4.33,1.8,3.2,4.25,1.75,3.2,4,1.8,3.2,4,,,,1.8,3,4.33,1.8,3.1,4,2,1.61,1.9,1.9,-0.25,1.875,2.025,-0.5
F1,20/09/2003,Toulouse,Metz,1,0,H,0,0,D,2.2,2.87,3.2,2.1,3.1,3.3,2,2.9,3.4,2,3,3.4,,,,2.1,3,3.25,2.1,3,3.2,2.2,1.51,1.85,1.95,0,1.8,2.1,-0.25
F1,21/09/2003,Le Mans,Lyon,0,2,A,0,1,A,3.25,3,2.1,3.75,3.15,1.92,3.5,3.1,1.9,3.4,3,2,,,,3.5,3,2,3.4,3,2,1.95,1.66,1.98,1.81,-0.5,1.875,2.025,0.5
F1,21/09/2003,Montpellier,Monaco,1,2,A,1,1,D,2.75,3,2.37,2.92,3,2.35,3,2.9,2.2,3,3.2,2.1,,,,2.75,3,2.37,2.8,3,2.3,1.95,1.66,1.8,2,-0.5,1.95,1.95,0.25
F1,21/09/2003,Nantes,Marseille,1,0,H,1,0,H,2.37,3,2.75,2.5,2.93,2.75,2.3,2.9,2.8,2.375,3,2.75,,,,2.5,2.87,2.7,2.37,3,2.7,2,1.61,1.85,1.95,-0.25,1.9,2,0
F1,27/09/2003,Bastia,Sochaux,2,0,H,2,0,H,2.2,2.87,3.2,2.2,3,3.1,2,3,3.3,2.1,3.2,3,,,,2.2,3,3.1,2.2,3,3,2.1,1.56,1.9,1.9,-0.25,1.95,1.95,-0.25
F1,27/09/2003,Lille,Montpellier,1,1,D,1,0,H,1.72,3.2,4.5,1.7,3.15,4.85,1.7,3.2,4.2,1.727,3.2,4.333,,,,1.7,3.1,5,1.66,3.1,5,2,1.61,1.95,1.85,-0.75,2.075,1.825,-0.75
F1,27/09/2003,Lyon,Lens,4,0,H,3,0,H,1.72,3.2,4.5,1.7,3.15,4.85,1.65,3.2,4.6,1.667,3.25,4.5,,,,1.66,3.2,5,1.66,3.1,5,1.95,1.66,1.85,1.95,-0.75,1.875,2.025,-0.75
F1,27/09/2003,Marseille,Nice,2,1,H,0,1,A,1.66,3.2,5,1.65,3.15,5.3,1.6,3.3,4.8,1.667,3.25,4.5,,,,1.61,3.2,5.5,1.66,3.1,5,2.2,1.51,1.85,1.95,-0.75,1.9,2,-0.75
F1,27/09/2003,Metz,Guingamp,1,1,D,0,1,A,1.9,3,3.8,1.88,3.05,4,1.85,3.1,3.6,2,3,3.4,,,,1.9,3.1,3.75,1.83,3,4,1.95,1.66,1.9,1.9,-0.5,2,1.9,-0.5
F1,27/09/2003,Monaco,Toulouse,3,0,H,2,0,H,1.33,4,8.5,1.35,4,8.5,1.35,4,7,1.25,4.5,10,,,,1.36,4,7.5,1.36,3.75,8,1.7,1.9,2.03,1.77,-1.5,2.075,1.825,-1.5
F1,27/09/2003,Paris SG,Auxerre,1,0,H,1,0,H,1.9,3,3.8,1.95,3.05,3.7,1.9,3.1,3.5,1.8,3.2,4,,,,1.9,3.1,3.75,1.83,3,4,1.95,1.66,1.93,1.87,-0.5,1.925,1.975,-0.5
F1,27/09/2003,Rennes,Le Mans,2,0,H,1,0,H,1.66,3.2,5,1.65,3.15,5.3,1.65,3.2,4.6,1.667,3.25,4.5,,,,1.61,3.25,5.2,1.72,3.1,4.5,2.1,1.56,1.85,1.95,-0.75,1.85,2.05,-0.75
F1,28/09/2003,Bordeaux,Ajaccio,1,0,H,0,0,D,1.66,3.2,5,1.7,3.15,4.85,1.6,3.3,4.8,1.667,3.25,4.5,,,,1.66,3.2,5,1.66,3.1,5,2,1.61,1.9,1.9,-0.75,1.85,2.05,-0.75
F1,28/09/2003,Strasbourg,Nantes,1,0,H,0,0,D,2.3,2.87,3,2.3,3,2.9,2.3,2.9,2.8,2.1,3.2,3,,,,2.3,2.87,3,2.37,3,2.7,2,1.61,2.03,1.77,-0.25,2.1,1.8,-0.25
F1,04/10/2003,Ajaccio,Lyon,2,4,A,1,1,D,2.87,3.2,2.2,3.1,3.1,2.2,3.1,3,2.1,,,,,,,3,3.1,2.2,3.4,3,2,1.95,1.66,1.95,1.85,0.25,2.05,1.85,0.25
F1,04/10/2003,Auxerre,Lille,3,0,H,2,0,H,1.72,3.2,4.5,1.75,3.2,4.65,1.65,3.2,4.6,,,,,,,1.75,3.1,4.5,1.66,3.3,4.5,1.9,1.7,1.7,2.05,-0.5,1.825,2.075,-0.5
F1,04/10/2003,Guingamp,Monaco,1,2,A,0,2,A,3.25,3,2.1,3.35,3.1,2.1,3.2,2.9,2.1,,,,,,,3.25,3,2.1,3.3,3.1,2,1.9,1.7,2,1.8,0.25,1.8,2.1,0.5
F1,04/10/2003,Le Mans,Bordeaux,0,0,D,0,0,D,3,3,2.25,3,3,2.3,3,3.1,2.1,,,,,,,3,3,2.25,2.8,3.1,2.25,2.2,1.51,1.9,1.9,0.25,2,1.9,0.25
F1,04/10/2003,Lens,Metz,0,2,A,0,0,D,1.66,3.2,5,1.67,3.25,5.2,1.6,3.3,4.8,,,,,,,1.61,3.2,5.5,1.57,3.3,5.5,2.1,1.56,1.85,1.95,-0.75,1.85,2.05,-0.75
F1,04/10/2003,Nantes,Rennes,1,0,H,1,0,H,1.66,3.2,5,1.7,3.25,4.95,1.65,3.2,4.6,,,,,,,1.7,3.2,4.75,1.61,3.3,5,2.2,1.51,1.9,1.9,-0.75,1.925,1.975,-0.75
F1,04/10/2003,Nice,Strasbourg,0,0,D,0,0,D,1.8,3,4.33,1.85,3,4.5,1.75,3.1,4.2,,,,,,,1.8,3.2,4,1.72,3.2,4.33,2,1.61,1.8,2,-0.5,1.9,2,-0.5
F1,04/10/2003,Sochaux,Paris SG,0,1,A,0,1,A,2.25,3,3,2.3,3,3,2.4,2.9,2.7,,,,,,,2.25,3.1,2.87,2.2,3.1,2.87,1.9,1.7,2,1.8,-0.25,2,1.9,-0.25
F1,04/10/2003,Toulouse,Montpellier,2,2,D,1,1,D,2.1,3,3.25,2.15,3,3.35,2.2,2.9,3,,,,,,,2.1,3,3.3,1.9,3.2,3.5,2.1,1.56,2.1,1.67,-0.5,2.1,1.8,-0.5
F1,05/10/2003,Marseille,Bastia,3,1,H,2,0,H,1.44,3.75,6.5,1.5,3.5,7,1.4,3.7,6.5,,,,,,,1.44,3.6,7,1.36,4,7,1.8,1.8,1.9,1.9,-1,1.975,1.925,-1
F1,17/10/2003,Strasbourg,Marseille,4,1,H,3,1,H,2.5,3,2.62,2.5,2.95,2.6,2.6,2.8,2.6,2.5,3.2,2.5,,,,2.6,3,2.5,2.7,3,2.37,2.1,1.56,1.9,1.9,0,2.025,1.875,0
F1,18/10/2003,Bastia,Lens,3,1,H,2,0,H,2,3,3.5,1.95,3.05,3.55,1.9,3.1,3.5,,,,,,,2,3,3.5,1.9,3.1,3.6,2,1.61,1.95,1.85,-0.5,2.05,1.85,-0.5
F1,18/10/2003,Bordeaux,Toulouse,1,2,A,0,1,A,1.57,3.4,5.5,1.6,3.35,5,1.55,3.3,5.2,,,,,,,1.61,3.25,5.25,1.61,3.1,5.5,1.95,1.66,2,1.8,-1,2.1,1.8,-1
F1,18/10/2003,Lille,Ajaccio,0,0,D,0,0,D,1.83,3,4.2,1.85,3.1,3.85,1.75,3.1,4.2,,,,,,,1.83,3,4.2,1.8,3.1,4,2.1,1.56,1.83,1.97,-0.5,1.9,2,-0.5
F1,18/10/2003,Lyon,Sochaux,1,1,D,0,0,D,1.57,3.4,5.5,1.65,3.3,4.65,1.55,3.3,5.2,,,,,,,1.61,3.25,5.25,1.53,3.4,5.5,1.8,1.8,2,1.8,-1,2.1,1.8,-1
F1,18/10/2003,Metz,Nantes,1,3,A,1,1,D,2.37,3,2.75,2.37,2.95,2.72,2.3,3,2.7,,,,,,,2.4,2.9,2.8,2.37,3,2.7,2.2,1.51,1.75,2.05,0,1.8,2.1,0
F1,18/10/2003,Monaco,Auxerre,1,1,D,0,1,A,1.72,3.25,4.33,1.65,3.25,4.75,1.65,3.2,4.6,1.615,3.25,5,,,,1.61,3.4,5,1.61,3.3,5,1.8,1.8,1.9,1.9,-0.75,1.975,1.925,-0.75
F1,18/10/2003,Montpellier,Guingamp,2,0,H,1,0,H,1.9,3.2,3.6,1.9,3.1,3.65,1.9,3.1,3.5,,,,,,,1.9,3.1,3.75,1.83,3,4,1.95,1.66,1.9,1.9,-0.5,2.05,1.85,-0.5
F1,18/10/2003,Paris SG,Le Mans,5,1,H,2,1,H,1.33,4,9,1.33,4,8,1.35,4,7,,,,,,,1.33,4,8.5,1.36,3.75,8,1.74,1.85,2,1.8,-1.5,2.1,1.8,-1.5
F1,18/10/2003,Rennes,Nice,0,0,D,0,0,D,2.2,3,3.1,2.1,3,3.2,2,2.9,3.4,,,,,,,2.2,2.87,3.2,2,3,3.4,2,1.61,1.85,1.95,-0.25,1.95,1.95,-0.25
F1,25/10/2003,Ajaccio,Paris SG,0,0,D,0,0,D,3.25,3,2.1,3.3,3.1,2,3.3,3,2,2.75,3.2,2.25,,,,3.2,3,2.1,3.2,3,2.1,2.1,1.56,1.8,2,0.5,2,1.9,0.25
F1,25/10/2003,Auxerre,Montpellier,0,1,A,0,1,A,1.61,3.25,5,1.6,3.2,5.4,1.55,3.4,5,1.615,3.25,5,,,,1.57,3.25,5.5,1.53,3.4,5.5,1.85,1.74,2,1.8,-1,1.75,2.15,-0.75
F1,25/10/2003,Guingamp,Toulouse,1,0,H,0,0,D,2.1,3,3.25,1.9,3.1,3.65,2.1,2.8,3.3,2.1,3.2,3,,,,2,3,3.4,1.9,3.1,3.6,2,1.61,1.9,1.9,-0.5,2.1,1.8,-0.5
F1,25/10/2003,Le Mans,Bastia,1,1,D,1,1,D,2.5,3,2.62,2.55,3,2.5,2.5,3,2.5,2.5,3.25,2.4,,,,2.5,3.1,2.5,2.5,3.1,2.5,2.2,1.51,1.9,1.9,0,1.95,1.95,0
F1,25/10/2003,Lens,Lille,2,1,H,0,1,A,1.9,3.2,3.6,1.85,3.1,3.85,1.85,2.9,3.8,1.8,3,4.333,,,,1.9,3,3.75,2,2.87,3.6,,,1.85,1.95,-0.5,2,1.9,-0.5
F1,25/10/2003,Marseille,Rennes,2,0,H,1,0,H,1.4,3.75,7.5,1.45,3.45,7,1.45,3.5,6,1.444,3.6,6.5,,,,1.4,3.6,7.5,1.4,3.6,7.5,1.95,1.66,1.9,1.9,-1.25,2.025,1.875,-1.25
F1,25/10/2003,Nantes,Lyon,0,1,A,0,0,D,2.37,3,2.75,2.3,3,2.8,2.3,2.9,2.8,2.25,3.2,2.75,,,,2.3,3,2.8,2.3,3.1,2.75,2.2,1.51,1.8,2,0,1.85,2.05,0
F1,25/10/2003,Nice,Bordeaux,0,0,D,0,0,D,2,3,3.5,1.95,3.1,3.5,1.9,3,3.6,1.833,3.2,3.75,,,,2,3,3.4,2,3,3.4,2.2,1.51,1.95,1.85,-0.5,1.85,2.05,-0.25
F1,25/10/2003,Strasbourg,Metz,0,2,A,0,1,A,1.66,3.2,5,1.75,3.2,4.2,1.85,3,3.8,1.8,3.2,4,,,,1.7,3.25,4.33,1.66,3.1,5,2.1,1.56,2,1.8,-0.75,1.75,2.15,-0.5
F1,26/10/2003,Sochaux,Monaco,1,1,D,0,1,A,2.5,3,2.62,2.55,3,2.5,2.7,2.9,2.4,2.5,2.875,2.625,,,,2.6,2.87,2.6,2.6,2.8,2.6,1.9,1.7,1.9,1.9,0,1.85,2.05,0
F1,01/11/2003,Bastia,Ajaccio,1,1,D,1,0,H,1.72,3.2,4.5,1.8,3.1,4,1.8,3.1,3.8,1.8,3.2,4,,,,1.75,3.2,4.2,1.8,3.1,4,2.1,1.56,1.8,2,-0.5,1.85,2.05,-0.5
F1,01/11/2003,Bordeaux,Marseille,1,0,H,1,0,H,2.5,3.2,2.5,2.45,3,2.6,2.3,2.8,2.9,2.5,2.875,2.625,,,,2.5,3.1,2.5,2.5,3.1,2.5,2.2,1.51,1.8,2,0,1.85,2.05,0
F1,01/11/2003,Lille,Guingamp,1,3,A,0,0,D,1.83,3,4.33,1.75,3.1,4.25,1.8,3,4,1.8,3.2,4,,,,1.8,3.1,4,1.83,3,4,2.2,1.51,1.75,2.05,-0.5,1.925,1.975,-0.5
F1,01/11/2003,Lyon,Nice,5,0,H,4,0,H,1.57,3.4,5.5,1.57,3.33,5.25,1.65,3.1,4.8,1.615,3.25,5,,,,1.62,3.25,5,1.57,3.3,5.5,2,1.61,1.8,2,-0.75,1.8,2.1,-0.75
F1,01/11/2003,Metz,Sochaux,0,1,A,0,1,A,2.3,3,2.87,2.25,3,2.85,2.1,2.9,3.2,2.25,3.2,2.75,,,,2.25,3,2.88,2.25,3.1,2.8,2.2,1.51,2,1.8,-0.25,2.075,1.825,-0.25
F1,01/11/2003,Monaco,Le Mans,4,2,H,2,2,D,1.25,4.5,11,1.23,4.5,11,1.25,4.2,10,1.2,5,11,,,,1.25,4.5,9.5,1.22,5,9.5,1.8,1.8,1.7,2.05,-1.5,1.8,2.1,-1.5
F1,01/11/2003,Montpellier,Nantes,4,1,H,3,0,H,2.3,3,2.87,2.4,3,2.65,2.3,2.9,2.8,2.4,3.25,2.5,,,,2.3,3,2.8,2.25,3.1,2.8,2.1,1.56,1.8,2,0,1.775,2.125,0
F1,01/11/2003,Rennes,Strasbourg,1,1,D,1,0,H,2.1,3,3.25,2.1,3.05,3.1,2.1,2.9,3.2,2.1,3.2,3,,,,2.1,3,3.25,2.1,3,3.2,2.2,1.51,1.85,1.95,-0.25,1.875,2.025,-0.25
F1,01/11/2003,Toulouse,Auxerre,0,3,A,0,2,A,2.5,3,2.62,2.45,3,2.6,2.7,2.8,2.5,2.5,2.875,2.625,,,,2.5,3,2.6,2.3,3.1,2.75,2,1.61,1.85,1.95,0,1.95,1.95,0
F1,02/11/2003,Paris SG,Lens,0,1,A,0,0,D,1.61,3.2,5.5,1.55,3.33,5.5,1.6,3.2,5,1.571,3.25,5.5,,,,1.57,3.25,5.5,1.53,3.4,5.5,2,1.61,1.8,2,-0.75,1.85,2.05,-0.75
F1,08/11/2003,Le Mans,Metz,2,0,H,1,0,H,2.6,2.87,2.6,2.55,3,2.65,2.3,2.9,2.8,2.5,3.2,2.5,,,,2.5,3,2.6,2.5,3.1,2.5,2.2,1.51,1.8,2,0,1.8,2.1,0
F1,08/11/2003,Nantes,Paris SG,0,1,A,0,0,D,2.3,3,2.87,2.4,3,2.85,2.3,2.9,2.8,2.25,3.2,2.75,,,,2.3,3,2.87,2.3,3,2.8,2.2,1.51,1.75,2.08,0,2.125,1.775,-0.25
F1,08/11/2003,Nice,Bastia,2,0,H,1,0,H,1.9,2.9,4,1.9,3.1,4,1.9,2.8,4,1.909,3.2,3.5,,,,1.9,2.9,4,,,,2.1,1.56,1.9,1.9,-0.5,1.9,2,-0.5
F1,08/11/2003,Rennes,Lille,2,2,D,0,1,A,1.9,2.9,4,1.9,3.1,4,1.75,3.1,4.2,1.8,3.2,4,,,,1.85,3.1,4,1.9,3,3.75,2.1,1.56,1.9,1.9,-0.5,1.975,1.925,-0.5
F1,09/11/2003,Ajaccio,Monaco,0,1,A,0,0,D,3.25,3,2.1,3.15,3,2.15,3.3,3,2,3.5,3.2,1.909,,,,3.25,3,2.1,3.6,3.1,1.9,1.85,1.74,1.75,2.1,0.5,1.875,2.025,0.5
F1,09/11/2003,Auxerre,Guingamp,3,0,H,2,0,H,1.61,3.2,5.5,1.62,3.3,5.5,1.6,3.3,4.8,1.571,3.25,5.5,,,,1.61,3.4,5,1.57,3.3,5.5,1.8,1.8,1.8,2,-0.75,1.875,2.025,-0.75
F1,09/11/2003,Lens,Montpellier,3,2,H,1,2,A,1.8,3.1,4.2,1.8,3.1,4.5,1.75,3.1,4.2,1.909,3.2,3.5,,,,1.85,3.1,4,1.8,3.1,4,2,1.61,2,1.8,-0.75,2.1,1.8,-0.75
F1,09/11/2003,Marseille,Lyon,1,4,A,1,2,A,2.2,3,3.1,2.25,3,3.1,2.3,2.8,2.9,2.25,3.2,2.75,,,,2.25,3,3,2.2,3,3,1.95,1.66,1.8,2,0,2.05,1.85,-0.25
F1,09/11/2003,Sochaux,Toulouse,3,1,H,1,0,H,1.57,3.2,6,1.6,3.3,5.75,1.6,3.3,4.8,1.571,3.25,5.5,,,,1.57,3.4,5.5,1.57,3.3,5.5,2,1.61,2,1.8,-1,2.1,1.8,-1
F1,09/11/2003,Strasbourg,Bordeaux,1,1,D,0,1,A,2.1,3,3.25,2.2,3.1,3.1,2.3,2.9,2.8,2,3.2,3.2,,,,2.2,3,3.1,2.1,3,3.2,2.1,1.56,1.9,1.9,-0.25,2.025,1.875,-0.25
F1,21/11/2003,Lyon,Strasbourg,1,0,H,0,0,D,1.53,3.25,6.5,1.47,3.5,6.7,1.5,3.5,5.4,1.5,3.4,6,,,,1.5,3.5,6,1.5,3.4,6,1.71,1.9,1.8,2,-1,1.8,2.1,-1
F1,22/11/2003,Bastia,Nantes,1,3,A,1,1,D,2,3,3.5,2.05,3.15,3.25,2,3,3.3,2.1,3.2,3,,,,2.1,3,3.25,2,3.1,3.3,1.95,1.66,2,1.8,-0.5,2.025,1.875,-0.5
F1,22/11/2003,Bordeaux,Rennes,2,1,H,1,1,D,1.72,3.2,4.5,1.75,3.15,4.5,1.65,3.1,4.8,1.8,3.2,4,,,,1.67,3.2,5,1.66,3.3,4.5,2.1,1.56,1.85,1.95,-0.75,1.825,2.075,-0.75
F1,22/11/2003,Guingamp,Sochaux,1,2,A,0,1,A,2.37,3,2.75,2.4,3,2.75,2.5,2.9,2.6,2.4,3.25,2.5,,,,2.4,3,2.75,2.4,3.1,2.6,2.2,1.51,1.75,2.05,0,1.8,2.1,0
F1,22/11/2003,Lille,Marseille,0,2,A,0,1,A,2.62,3,2.5,2.75,3,2.4,2.5,2.9,2.6,2.5,3.2,2.5,,,,2.6,3,2.5,2.5,3.1,2.5,2.1,1.56,2.05,1.75,0,2.05,1.85,0
F1,22/11/2003,Metz,Auxerre,0,2,A,0,0,D,2.5,3,2.62,2.5,3,2.65,2.5,2.9,2.6,2.5,3.2,2.5,,,,2.5,3,2.6,2.5,3.1,2.5,2.2,1.51,1.9,1.9,0,1.925,1.975,0
F1,22/11/2003,Monaco,Lens,2,0,H,0,0,D,1.57,3.25,6,1.57,3.3,5.75,1.6,3.3,4.8,1.5,3.4,6,,,,1.57,3.4,5.5,1.61,3.3,5,1.74,1.85,1.95,1.85,-1,2.05,1.85,-1
F1,22/11/2003,Montpellier,Ajaccio,3,1,H,1,1,D,1.72,3.2,4.5,1.75,3.15,4.5,1.7,3.1,4.4,1.8,3.2,4,,,,1.75,3.2,4.33,1.72,3.2,4.33,2,1.61,1.75,2.05,-0.5,1.9,2,-0.5
F1,22/11/2003,Toulouse,Le Mans,1,1,D,0,1,A,1.9,3.1,3.75,1.85,3,4.1,1.9,2.7,4.2,1.8,3.2,4,,,,1.83,3.1,4,1.9,3.1,3.6,2,1.61,1.85,1.95,-0.5,2.025,1.875,-0.5
F1,23/11/2003,Paris SG,Nice,0,0,D,0,0,D,1.66,3.2,5,1.65,3.2,5.25,1.65,3.1,4.8,1.667,3.2,5,,,,1.62,3.25,5.2,1.66,3.1,5,1.95,1.66,1.8,2,-0.75,1.85,2.05,-0.75
F1,29/11/2003,Ajaccio,Toulouse,2,1,H,1,0,H,1.83,3.1,4,1.9,3.1,3.6,1.85,3.1,3.6,1.833,3.2,3.75,,,,1.91,3.1,3.75,1.8,3.1,4,2.2,1.51,1.9,1.9,-0.5,1.975,1.925,-0.5
F1,29/11/2003,Le Mans,Montpellier,4,0,H,3,0,H,2.5,3,2.62,2.55,2.9,2.55,2.6,2.8,2.6,2.375,3,2.75,,,,2.6,2.88,2.6,2.5,3.1,2.5,2,1.61,1.9,1.9,0,1.95,1.95,0
F1,29/11/2003,Nantes,Monaco,0,1,A,0,0,D,2.62,3,2.5,2.6,2.9,2.5,2.7,3,2.3,2.625,2.875,2.5,,,,2.6,2.88,2.6,2.5,3.1,2.5,2,1.61,1.95,1.85,0,2,1.9,0
F1,29/11/2003,Nice,Metz,1,1,D,1,1,D,1.72,3.2,4.5,1.75,3.1,4.25,1.75,3.1,4.2,1.727,3.2,4.333,,,,1.75,3.2,4.33,1.72,3.2,4.33,2.2,1.51,1.9,1.9,-0.75,2.1,1.8,-0.75
F1,29/11/2003,Rennes,Lyon,3,1,H,2,1,H,3,3,2.25,3.15,3,2.12,3.3,3,2,3.2,3.2,2,,,,3,3,2.25,3.1,3.1,2.1,1.95,1.66,2,1.8,0.25,2.1,1.8,0.25
F1,29/11/2003,Strasbourg,Lille,2,2,D,0,1,A,1.72,3.2,4.5,1.75,3.2,4.1,1.65,3.2,4.6,1.727,3.2,4.333,,,,1.75,3.2,4.33,1.8,3.1,4,2,1.61,1.75,2.05,-0.5,1.95,1.95,-0.75
F1,30/11/2003,Bordeaux,Bastia,1,1,D,1,0,H,1.72,3.2,4.5,1.73,3.2,4.4,1.6,3.3,4.8,1.727,2.875,5,,,,1.67,3.25,4.75,1.72,3.2,4.33,2,1.61,1.9,1.9,-0.75,2.05,1.85,-0.75
F1,30/11/2003,Lens,Guingamp,2,1,H,1,0,H,1.61,3.4,5,1.62,3.3,5,1.55,3.4,5,1.615,3.25,5,,,,1.62,3.25,5.5,1.61,3.3,5,1.9,1.7,1.8,2,-0.75,1.8,2.1,-0.75
F1,30/11/2003,Marseille,Paris SG,0,1,A,0,0,D,2,3,3.5,2,3,3.4,2,3,3.3,2,3.2,3.2,,,,2.1,3,3.25,2.1,2.87,3.3,1.95,1.66,1.8,2,-0.25,1.9,2,-0.25
F1,30/11/2003,Sochaux,Auxerre,3,2,H,3,0,H,2.2,3,3.1,2.15,2.95,3.1,2.3,2.9,2.8,2,3.2,3.2,,,,2.1,3,3.25,2,3.1,3.3,2,1.61,1.9,1.9,-0.25,1.875,1.975,-0.25
F1,03/12/2003,Auxerre,Le Mans,1,0,H,1,0,H,1.4,3.75,7.5,1.41,3.6,8,1.35,3.8,7.5,1.44,3.6,6.5,,,,1.4,3.75,7.5,1.36,3.75,8,1.85,1.74,1.8,2,-1,1.85,2.05,-1
F1,03/12/2003,Bastia,Rennes,3,2,H,1,1,D,1.8,3.25,4,1.85,3.2,3.8,1.85,3.1,3.6,1.8,3.2,4,,,,1.8,3.2,4,1.72,3.25,4.2,2,1.61,1.85,1.95,-0.5,2.05,1.85,-0.5
F1,03/12/2003,Guingamp,Ajaccio,2,0,H,0,0,D,2.1,3,3.25,2.05,3.1,3.25,2,2.9,3.4,2.1,3.2,3,,,,2.1,3,3.25,2.1,3.1,3.1,1.9,1.7,2,1.8,-0.5,1.85,2.05,-0.5
F1,03/12/2003,Lille,Nantes,2,0,H,1,0,H,2.37,3,2.75,2.52,3,2.58,2.5,2.9,2.6,2.5,3.2,2.5,,,,2.4,3,2.75,2.5,3.1,2.5,1.9,1.7,1.85,1.95,0,1.825,2.075,0
F1,03/12/2003,Paris SG,Strasbourg,3,2,H,1,1,D,1.57,3.25,6,1.55,3.35,5.8,1.5,3.5,5.4,1.57,3.25,5.5,,,,1.53,3.4,6,1.57,3.3,5.5,,,2,1.8,-1,2.1,1.8,-1
F1,03/12/2003,Toulouse,Lens,1,2,A,0,0,D,2.5,3.2,2.5,2.58,3,2.52,2.5,3,2.5,2.62,2.88,2.5,,,,2.6,3,2.5,2.5,3.1,2.5,,,1.95,1.85,0,1.975,1.925,0
F1,05/12/2003,Lyon,Metz,2,1,H,1,1,D,1.44,3.4,7.5,1.32,4.15,7.6,1.35,3.8,7.5,1.4,3.6,7.5,,,,1.4,3.75,7.5,1.36,3.75,8,1.96,1.66,1.95,1.85,-1.5,1.925,1.975,-1.25
F1,05/12/2003,Marseille,Monaco,1,2,A,1,0,H,2.37,3,2.75,2.35,2.95,2.75,2.3,2.8,2.9,2.5,2.875,2.625,,,,2.4,3,2.75,2.37,3,2.7,2.02,1.73,1.81,2,0,1.825,2.075,0
F1,06/12/2003,Ajaccio,Auxerre,1,2,A,0,1,A,2.75,3,2.37,2.6,3.05,2.4,3,2.9,2.2,2.5,3.2,2.5,,,,2.6,3,2.5,2.5,3.1,2.5,1.85,1.74,2.01,1.8,0,2.1,1.8,0
F1,06/12/2003,Bordeaux,Lille,2,1,H,2,0,H,1.66,3.2,5,1.62,3.25,5,1.6,3.2,5,1.727,3.2,4.333,,,,1.66,3.25,4.75,1.66,3.3,4.5,1.9,1.7,1.85,1.95,-0.75,1.875,2.025,-0.75
F1,06/12/2003,Lens,Sochaux,0,3,A,0,1,A,2,3,3.5,2,3.1,3.3,2,2.9,3.4,2,3.2,3.2,,,,2,3.1,3.4,2,3.1,3.3,1.85,1.74,2,1.8,-0.5,2.1,1.8,-0.5
F1,06/12/2003,Nantes,Toulouse,1,1,D,1,1,D,1.57,3.4,5.5,1.48,3.45,6.05,1.5,3.5,5.4,1.444,3.6,6.5,,,,1.5,3.5,6,1.5,3.4,6,2,1.61,1.9,1.9,-1,2.1,1.8,-1
F1,06/12/2003,Rennes,Paris SG,1,1,D,0,0,D,2.62,3.2,2.37,2.65,3,2.45,2.8,2.9,2.3,2.75,3,2.375,,,,2.7,3.1,2.37,2.6,3.1,2.4,2.1,1.56,1.96,1.85,0,2.05,1.85,0
F1,06/12/2003,Strasbourg,Bastia,4,2,H,3,1,H,1.9,3.2,3.6,1.82,3.2,3.75,1.8,3.1,3.8,1.8,3.2,4,,,,1.85,3.1,4,1.83,3.2,3.75,2,1.61,1.82,1.97,-0.5,2.05,1.85,-0.5
F1,07/12/2003,Le Mans,Guingamp,2,0,H,1,0,H,2.2,3,3.1,1.95,3.2,3.3,2,2.9,3.4,2.25,3.2,2.75,,,,2,3,3.5,2,3.2,3.2,1.9,1.7,1.95,1.85,-0.5,1.9,2,-0.25
F1,07/12/2003,Nice,Montpellier,2,1,H,2,0,H,1.9,3.2,3.6,1.88,3,3.8,1.9,3,3.6,1.909,3.2,3.5,,,,1.9,3.1,3.75,1.83,3.2,3.75,2,1.61,1.88,1.92,-0.5,2.075,1.825,-0.5
F1,13/12/2003,Auxerre,Lens,2,0,H,1,0,H,1.8,3,4.333,1.8,3.1,4.15,1.75,3.1,4.2,1.833,3,4,,,,1.8,3,4.33,1.72,3.2,4.33,1.9,1.7,2,1.8,-0.75,2.05,1.85,-0.75
F1,13/12/2003,Bastia,Lyon,0,0,D,0,0,D,2.8,3.2,2.25,2.7,3.1,2.35,2.7,3,2.3,2.75,3.2,2.25,,,,2.8,3.1,2.3,2.75,3.1,2.3,1.9,1.7,1.7,2.05,0.25,1.8,2.1,0.25
F1,13/12/2003,Guingamp,Nantes,1,1,D,0,1,A,2.4,3.2,2.6,2.5,3.05,2.55,2.5,3,2.5,2.5,2.875,2.625,,,,2.5,3,2.62,2.37,3.1,2.62,2,1.61,1.9,1.9,0,1.925,1.975,0
F1,13/12/2003,Lille,Le Mans,1,1,D,0,1,A,1.8,3.25,4,1.85,3.1,3.9,1.9,2.8,4,1.833,3.2,3.75,,,,1.9,3.1,3.75,1.9,3.1,3.6,2.1,1.56,1.85,1.95,-0.5,1.9,2,-0.5
F1,13/12/2003,Metz,Rennes,1,1,D,1,0,H,2.2,3.2,2.875,2.15,3.05,3.05,2.1,2.8,3.3,2.1,3.2,3,,,,2.2,3,3.1,2,3.1,3.3,2.1,1.56,1.9,1.9,-0.25,1.975,1.925,-0.25
F1,13/12/2003,Paris SG,Bordeaux,2,1,H,1,1,D,1.727,3.2,4.5,1.7,3.15,4.7,1.8,3,4,1.667,3.25,4.5,,,,1.66,3.2,5,1.72,3.1,4.5,2,1.61,2,1.8,-0.75,2.1,1.8,-0.75
F1,13/12/2003,Sochaux,Ajaccio,2,0,H,1,0,H,1.5,3.4,6.5,1.45,3.65,7,1.45,3.6,5.8,1.444,3.6,6.5,,,,1.44,3.6,7,1.44,3.6,6.5,1.9,1.7,1.85,1.95,-1,2.025,1.875,-1
F1,13/12/2003,Toulouse,Nice,1,1,D,1,0,H,2.5,3.2,2.5,2.55,3,2.55,2.6,2.8,2.6,2.5,2.875,2.625,,,,2.5,3,2.6,2.5,2.9,2.62,2.1,1.56,1.9,1.9,0,1.975,1.925,0
F1,14/12/2003,Monaco,Strasbourg,2,0,H,1,0,H,1.4,3.75,7.5,1.4,3.8,7,1.35,3.8,7.5,1.4,3.75,7,,,,1.4,3.75,7.5,1.4,3.75,7,1.9,1.7,2,1.8,-1.25,2.05,1.85,-1.25
F1,19/12/2003,Lyon,Paris SG,1,1,D,0,1,A,1.909,3.2,3.6,1.85,3.2,3.65,1.9,3.1,3.5,1.833,3.2,3.75,,,,1.8,3.2,4,2,3,3.4,2,1.65,1.86,2,-0.5,1.95,1.95,-0.5
F1,20/12/2003,Ajaccio,Lens,2,0,H,1,0,H,2.5,3,2.625,2.5,3,2.55,2.6,2.8,2.6,2.375,3.25,2.5,,,,2.6,3,2.5,2.4,3.1,2.6,2,1.65,1.9,1.95,0,1.925,1.975,0
F1,20/12/2003,Bastia,Lille,0,2,A,0,1,A,1.8,3,4.333,1.8,3,4.15,1.8,3,4,1.8,3.2,4,,,,1.8,3.1,4.2,1.72,3.2,4.33,2,1.65,1.8,2.05,-0.5,1.9,2,-0.5
F1,20/12/2003,Bordeaux,Metz,2,0,H,1,0,H,1.615,3.4,5,1.65,3.3,4.55,1.55,3.3,5.2,1.667,3.25,4.5,,,,1.66,3.25,4.75,1.66,3.3,4.5,2.1,1.6,1.9,1.95,-0.75,1.825,2.075,-0.75
F1,20/12/2003,Le Mans,Sochaux,2,2,D,1,0,H,2.7,3.2,2.3,2.7,3,2.35,2.7,2.9,2.4,2.6,3.2,2.375,,,,2.8,3.1,2.3,2.6,3.1,2.4,2.1,1.6,2.05,1.8,0,1.8,2.1,0.25
F1,20/12/2003,Marseille,Toulouse,1,0,H,0,0,D,1.4,3.75,7.5,1.4,3.7,7,1.35,3.8,7.5,1.4,3.75,7,,,,1.4,3.75,7.5,1.33,4,8,1.83,1.83,1.9,1.95,-1.25,2.05,1.85,-1.25
F1,20/12/2003,Nantes,Auxerre,1,0,H,1,0,H,2.375,3,2.75,2.35,3,2.7,2.4,2.9,2.7,2.25,3.2,2.75,,,,2.3,3.1,2.8,2.3,3.1,2.75,2.1,1.6,1.8,2.05,0,1.85,2.05,0
F1,20/12/2003,Nice,Guingamp,2,0,H,1,0,H,1.615,3.2,5.5,1.61,3.25,5,1.65,3,5,1.615,3.25,5,,,,1.61,3.25,5.25,1.57,3.3,5.5,2.1,1.6,1.9,1.95,-0.75,1.9,2,-0.75
F1,20/12/2003,Rennes,Monaco,1,0,H,0,0,D,3.25,3,2.1,3.15,3,2.1,3.3,2.8,2.1,3.2,3.2,2,,,,3.4,3.1,2,3.3,3.1,2,2.1,1.6,2,1.85,0.25,1.8,2.1,0.5
F1,20/12/2003,Strasbourg,Montpellier,4,2,H,2,2,D,1.833,3.25,3.75,1.9,3.1,3.6,1.75,3.1,4.2,1.8,3.2,4,,,,1.9,3.1,3.75,1.8,3.1,4,1.9,1.75,1.9,1.95,-0.5,1.95,1.95,-0.5
F1,09/01/2004,Monaco,Lyon,3,0,H,1,0,H,2,3.25,3.4,2,3.2,3.2,2,2.9,3.4,1.91,3.2,3.5,,,,1.91,3.2,3.6,2,3,3.4,2.1,1.61,1.77,2.05,-0.25,1.825,2.075,-0.25
F1,10/01/2004,Ajaccio,Le Mans,2,0,H,1,0,H,1.9,3.2,3.6,1.95,3.25,3.25,1.9,2.9,3.8,1.83,3.2,3.75,,,,1.91,3.1,3.75,1.9,3.1,3.6,2.2,1.55,1.95,1.85,-0.5,2,1.9,-0.5
F1,10/01/2004,Auxerre,Marseille,2,0,H,2,0,H,2.1,3,3.25,2.1,3,3.2,2.1,2.9,3.2,2,3.2,3.2,,,,2.05,3.1,3.25,2,3.1,3.3,2,1.65,1.9,1.9,-0.25,1.9,2,-0.25
F1,10/01/2004,Guingamp,Strasbourg,3,2,H,2,2,D,2.25,3.2,2.8,2.25,3,2.95,2.4,2.9,2.7,2.38,3.2,2.6,,,,2.38,3,2.75,2.3,3,2.8,2.1,1.6,2,1.8,-0.25,2.05,1.85,-0.25
F1,10/01/2004,Lens,Nantes,0,0,D,0,0,D,2,3.25,3.25,2.1,3,3.2,2.2,3,2.9,2,3.2,3.2,,,,2.1,3,3.25,1.9,3.1,3.6,2,1.65,1.8,2,-0.25,2.1,1.8,-0.5
F1,10/01/2004,Metz,Bastia,1,0,H,0,0,D,2.2,3,3.1,2.25,3,2.95,2.1,2.9,3.2,2.1,3.2,3,,,,2.25,3,3,2.2,2.87,3.1,2.3,1.5,2,1.8,-0.25,2,1.9,-0.25
F1,10/01/2004,Montpellier,Bordeaux,1,2,A,0,1,A,2.25,3.2,2.8,2.25,3,2.9,2.5,2.9,2.6,2.1,3.2,3,,,,2.3,3,2.88,2.25,3,2.87,2,1.65,2.05,1.77,-0.25,2.1,1.8,-0.25
F1,10/01/2004,Paris SG,Lille,1,0,H,1,0,H,1.5,3.5,6,1.5,3.4,6,1.45,3.6,5.8,1.44,3.4,7.5,,,,1.5,3.5,6,1.5,3.3,6.5,1.95,1.71,2.1,1.74,-1,2.1,1.8,-1
F1,10/01/2004,Sochaux,Nice,0,0,D,0,0,D,1.8,3,4.33,1.8,3.1,4,1.7,3,4.6,1.73,3.2,4.33,,,,1.75,3.1,4.5,1.72,3.1,4.5,1.95,1.71,1.8,2,-0.5,1.825,2.075,-0.5
F1,10/01/2004,Toulouse,Rennes,2,0,H,1,0,H,2.3,3,2.87,2.25,3,2.9,2.4,2.8,2.8,2.38,3.2,2.6,,,,2.4,3,2.75,2.37,3,2.7,2.2,1.55,2.05,1.77,-0.25,2.1,1.8,-0.25
F1,17/01/2004,Bastia,Monaco,0,0,D,0,0,D,3.75,3.25,1.83,3.65,3.05,1.95,3.3,3,2,3.4,3.25,1.91,,,,3.75,3.2,1.85,3.6,3.1,1.9,2,1.71,1.9,1.95,0.5,1.9,2,0.5
F1,17/01/2004,Bordeaux,Guingamp,2,0,H,1,0,H,1.53,3.5,5.5,1.5,3.55,6,1.5,3.5,5.4,1.62,3.25,5,,,,1.53,3.5,5.5,1.5,3.4,6,2,1.71,1.95,1.9,-1,2.05,1.85,-1
F1,17/01/2004,Lille,Toulouse,0,1,A,0,1,A,1.72,3.2,4.5,1.75,3.2,4.5,1.75,3,4.4,1.73,3.2,4.33,,,,1.73,3.2,4.5,1.8,3.1,4,2.15,1.6,2.05,1.8,-0.75,2.1,1.8,-0.75
F1,17/01/2004,Lyon,Montpellier,3,0,H,2,0,H,1.4,3.75,7.5,1.4,3.8,7.5,1.4,3.7,6.5,1.4,3.75,7,,,,1.44,3.6,7,1.36,3.75,8,1.79,1.9,1.85,2,-1.25,1.975,1.925,-1.25
F1,17/01/2004,Nantes,Ajaccio,4,0,H,2,0,H,1.72,3.25,4.33,1.7,3.35,4.5,1.65,3.2,4.6,1.73,3.2,4.33,,,,1.73,3.25,4.33,1.66,3.3,4.5,2.25,1.55,1.95,1.9,-0.75,2.05,1.85,-0.75
F1,17/01/2004,Nice,Le Mans,0,1,A,0,1,A,1.57,3.2,6,1.6,3.4,5.25,1.6,3.1,5.2,1.62,3.25,5,,,,1.57,3.4,5.5,1.61,3.1,5.5,2.15,1.6,1.8,2.05,-0.75,1.8,2.1,-0.75
F1,17/01/2004,Paris SG,Metz,0,0,D,0,0,D,1.44,3.5,7,1.45,3.7,6.5,1.45,3.6,5.8,1.44,3.6,6.5,,,,1.44,3.6,7,1.44,3.25,8,2,1.71,2.05,1.8,-1.25,2.1,1.8,-1.25
F1,17/01/2004,Rennes,Sochaux,4,0,H,1,0,H,2.37,3,2.75,2.45,3,2.7,2.3,2.8,2.9,2.38,3.2,2.6,,,,2.38,2.88,2.88,2.25,3,2.9,2.05,1.65,1.85,2,0,1.85,2.05,0
F1,17/01/2004,Strasbourg,Auxerre,0,2,A,0,1,A,2.5,3,2.62,2.5,3,2.65,2.5,2.9,2.6,2.5,3.2,2.5,,,,2.4,3,2.75,2.37,3,2.7,1.95,1.75,1.95,1.9,0,1.975,1.925,0
F1,18/01/2004,Marseille,Lens,3,2,H,1,1,D,1.66,3.4,4.5,1.7,3.25,4.65,1.65,3.2,4.6,1.67,3.4,4.33,,,,1.75,3.2,4.33,1.61,3.3,5,1.95,1.75,1.9,1.95,-0.75,1.875,2.025,-0.75
F1,21/01/2004,Monaco,Nice,1,1,D,1,0,H,1.5,3.25,7,1.5,3.25,7.25,1.55,3.3,5.2,1.444,3.6,6.5,,,,1.5,3.25,7,1.44,3.5,7,2,1.65,1.9,1.9,-1,1.845,2.05,-1
F1,21/01/2004,Montpellier,Sochaux,1,3,A,1,3,A,2.6,2.87,2.6,2.6,2.9,2.6,2.6,2.8,2.6,2.5,3.25,2.4,,,,2.6,2.88,2.6,2.5,2.9,2.62,2,1.65,1.9,1.9,0,2,1.9,0
F1,27/01/2004,Metz,Marseille,1,1,D,0,0,D,2.75,3,2.37,2.55,3.1,2.45,2.7,2.9,2.4,2.4,3.25,2.5,,,,2.7,3.1,2.38,2.62,3.1,2.37,2.25,1.55,1.95,1.9,0,1.95,1.95,0
F1,28/01/2004,Lyon,Bordeaux,3,0,H,0,0,D,1.72,3,5,1.7,3.3,4.35,1.7,3.1,4.4,1.667,3.25,4.5,,,,1.7,3.25,4.5,1.66,3.3,4.5,2.05,1.65,1.9,1.95,-0.75,1.9,2,-0.75
F1,30/01/2004,Monaco,Paris SG,1,1,D,1,1,D,1.833,3.2,4.5,1.85,3.1,4,1.85,3,3.8,1.833,3.2,3.75,,,,1.8,3.1,4.2,1.83,3,4,2.1,1.6,1.9,1.95,-0.5,1.925,1.975,-0.5
F1,31/01/2004,Ajaccio,Nice,1,1,D,1,0,H,2.375,3,2.75,2.35,2.85,3,2.3,2.8,2.9,2.2,3,3,,,,2.37,2.87,2.87,2.3,2.9,2.9,2.3,1.5,2.1,1.77,-0.25,2.125,1.775,-0.25
F1,31/01/2004,Auxerre,Bordeaux,5,0,H,4,0,H,1.833,3.1,4,1.85,3.1,4,1.75,3.1,4.2,1.8,3.2,4,,,,1.8,3.1,4.2,1.83,3,4,2.1,1.6,1.85,2,-0.5,1.85,2.05,-0.5
F1,31/01/2004,Guingamp,Rennes,0,2,A,0,0,D,2.3,3,2.875,2.3,3,2.9,2.1,2.8,3.3,2.2,3,3,,,,2.37,2.87,2.87,2.25,3,2.9,2.3,1.5,2.1,1.77,-0.25,2.1,1.8,-0.25
F1,31/01/2004,Le Mans,Nantes,0,1,A,0,1,A,2.5,3,2.625,2.5,3,2.65,2.5,2.9,2.6,2.4,3.25,2.5,,,,2.5,3,2.62,2.37,3,2.7,2.2,1.55,1.8,2.05,0,1.8,2.1,0
F1,31/01/2004,Lens,Strasbourg,2,1,H,0,0,D,1.909,3.2,3.6,2,3.1,3.45,1.9,3,3.6,2,3.2,3.2,,,,2.05,3,3.4,1.9,3,3.75,2,1.65,2.05,1.8,-0.5,2.025,1.875,-0.5
F1,31/01/2004,Metz,Lille,0,1,A,0,1,A,2,3.1,3.4,2.05,3.1,3.3,2,2.8,3.5,2.1,3,3.2,,,,2.1,3,3.25,1.9,3.2,3.5,2.2,1.55,2.1,1.77,-0.5,2.05,1.85,-0.5
F1,31/01/2004,Montpellier,Bastia,1,1,D,1,0,H,2,3.1,3.4,2.1,3,3.35,1.9,3,3.6,2.25,3.2,2.75,,,,2.1,3.1,3.2,2,3,3.4,2,1.65,1.85,2,-0.25,1.825,2.075,-0.25
F1,31/01/2004,Sochaux,Marseille,2,1,H,1,1,D,2.2,3.1,3,2.1,3.1,3.2,1.9,3,3.6,2,3.2,3.2,,,,2.2,3.1,3,2.1,3,3.2,1.95,1.71,1.9,1.95,-0.25,1.85,2.05,-0.25
F1,31/01/2004,Toulouse,Lyon,0,1,A,0,0,D,3.6,3.2,1.909,3.55,3.15,1.95,3.6,3,1.9,3.5,3.2,1.909,,,,3.6,3.2,1.9,3.6,3.1,1.9,1.95,1.71,1.9,1.95,0.5,1.9,2,0.5
F1,04/02/2004,Montpellier,Marseille,0,1,A,0,0,D,2.8,3.1,2.3,2.7,3.1,2.37,2.8,2.9,2.3,2.6,3.2,2.38,,,,2.62,3.1,2.4,2.7,3,2.37,2,1.65,2.05,1.8,0,2.05,1.85,0
F1,06/02/2004,Bordeaux,Nantes,2,0,H,2,0,H,2.1,3,3.25,2.05,3.15,3.25,2.1,2.9,3.2,2,3.2,3.2,,,,2,3.1,3.4,1.9,3.1,3.6,2.1,1.6,1.8,2.05,-0.25,1.825,2.075,-0.25
F1,07/02/2004,Bastia,Toulouse,1,0,H,1,0,H,1.8,3,4.333,1.8,3.2,4.1,1.85,3,3.8,1.727,3.2,4.333,,,,1.83,3,4.2,1.83,3,4,2.1,1.6,1.85,2,-0.5,1.9,2,-0.5
F1,07/02/2004,Lille,Sochaux,2,0,H,1,0,H,2.625,3,2.5,2.6,3.05,2.5,2.6,2.8,2.6,2.6,3.2,2.375,,,,2.6,2.87,2.6,2.5,3.1,2.5,2.1,1.6,2.02,1.83,0,2.125,1.775,0
F1,07/02/2004,Lyon,Guingamp,0,1,A,0,0,D,1.286,4.5,8.5,1.27,4.7,8.8,1.27,4.2,9,1.25,4.5,10,,,,1.28,4.5,8.5,1.25,4.5,10,1.75,1.9,2.05,1.8,-1.5,2,1.9,-1.5
F1,07/02/2004,Marseille,Ajaccio,2,1,H,1,0,H,1.533,3.4,6,1.5,3.4,6,1.45,3.6,5.8,1.5,3.4,6,,,,1.53,3.5,5.5,1.44,3.6,6.5,2,1.65,1.95,1.9,-1,2,1.9,-1
F1,07/02/2004,Metz,Monaco,0,2,A,0,1,A,3.5,3,2,3.45,3.2,1.95,3.3,3,2,3.2,3.2,2,,,,3.6,3.2,1.9,3.6,3.1,1.9,2,1.65,1.85,2,0.5,1.875,2.025,0.5
F1,07/02/2004,Nice,Lens,4,0,H,3,0,H,1.909,3,3.8,1.8,3,4.4,1.9,3,3.6,1.909,3,3.75,,,,1.83,3.1,4,1.9,3,3.75,2.1,1.6,2.05,1.8,-0.5,2.1,1.8,-0.5
F1,07/02/2004,Paris SG,Montpellier,6,1,H,2,0,H,1.444,3.75,6.5,1.4,3.8,7.4,1.4,3.7,6.5,1.364,3.75,8,,,,1.4,3.75,7.5,1.4,3.6,7.5,1.83,1.83,2.05,1.8,-1.25,1.85,2.05,-1
F1,07/02/2004,Rennes,Auxerre,0,2,A,0,1,A,2.5,3,2.625,2.4,3.05,2.7,2.5,3,2.5,2.4,3.25,2.5,,,,2.5,3,2.6,2.37,3,2.7,2.2,1.55,1.83,2.02,0,1.925,1.975,0
F1,07/02/2004,Strasbourg,Le Mans,3,0,H,0,0,D,1.833,3.25,3.75,1.8,3.25,4,1.8,3.1,3.8,1.8,3.25,3.75,,,,1.83,3.1,4,1.66,3.1,5,2,1.65,1.95,1.9,-0.5,,,
F1,14/02/2004,Ajaccio,Strasbourg,0,0,D,0,0,D,2.1,3.25,3,2.1,3.1,3.2,2.1,2.8,3.3,2,3.2,3.2,,,,2.1,3,3.25,2,3.1,3.3,2.05,1.65,1.85,2,-0.25,2.125,1.775,-0.5
F1,14/02/2004,Guingamp,Bastia,1,0,H,1,0,H,2,3.2,3.2,2,3.1,3.45,1.9,3,3.6,2,3.2,3.2,,,,2,3,3.5,2.1,3,3.2,2.25,1.55,1.75,2.1,-0.25,2.1,1.8,-0.5
F1,14/02/2004,Le Mans,Marseille,0,0,D,0,0,D,2.8,3.25,2.2,3.2,3.1,2.1,3,2.9,2.2,2.75,3.2,2.25,,,,3,3.1,2.2,2.75,3.1,2.3,2.25,1.55,2.05,1.8,0.25,1.775,2.125,0.5
F1,14/02/2004,Lens,Rennes,2,1,H,1,0,H,1.833,3.25,3.75,1.8,3.2,4.1,1.85,3,3.8,1.909,3.2,3.5,,,,1.8,3.1,4.2,1.9,3.1,3.6,2.25,1.55,2.05,1.8,-0.75,2.125,1.775,-0.75
F1,14/02/2004,Monaco,Lille,0,1,A,0,0,D,1.4,3.75,7.5,1.4,3.8,7.5,1.3,4,8.5,1.4,3.75,7,,,,1.4,3.75,7.5,1.4,3.6,7.5,2,1.71,1.9,1.95,-1.25,2.025,1.875,-1.25
F1,14/02/2004,Montpellier,Metz,0,1,A,0,1,A,2.1,3.25,3,2.05,3.1,3.3,2.1,2.9,3.2,2,3.2,3.2,,,,2.1,3,3.25,2,3.1,3.3,2.25,1.55,1.8,2.05,-0.25,1.85,2.05,-0.25
F1,14/02/2004,Nantes,Nice,3,1,H,2,1,H,1.909,3.25,3.5,1.9,3.1,3.8,1.9,2.7,4.2,1.8,3,4.333,,,,1.9,3.1,3.75,1.9,3,3.75,2.35,1.5,2.05,1.8,-0.75,1.9,2,-0.5
F1,14/02/2004,Sochaux,Bordeaux,1,1,D,0,0,D,1.833,3.25,3.75,1.8,3.2,4.1,1.8,3,4,1.8,3.2,4,,,,1.75,3.2,4.33,1.8,3.1,4,2.05,1.65,2.05,1.8,-0.75,2.125,1.775,-0.75
F1,14/02/2004,Toulouse,Paris SG,0,1,A,0,1,A,3.25,3.25,2,3.45,3.1,2,3.8,2.9,1.9,3.2,3.2,2,,,,3.75,3.1,1.9,3.4,3,2,2.25,1.55,2.1,1.75,0.25,1.8,2.1,0.5
F1,15/02/2004,Auxerre,Lyon,1,2,A,0,1,A,2.1,3.25,3,2.1,3,3.3,2.1,2.9,3.2,2.1,3,3.2,,,,2.1,3,3.25,2.1,3.1,3.1,2,1.71,1.8,2.05,-0.25,1.775,2.125,-0.25
F1,20/02/2004,Monaco,Montpellier,4,0,H,0,0,D,1.3,4.5,8,1.33,4.25,8,1.33,3.8,8,1.333,4.333,7,,,,1.28,4.5,8.5,1.28,4.5,8,1.85,1.79,1.95,1.9,-1.5,2.05,1.85,-1.5
F1,21/02/2004,Bastia,Auxerre,0,0,D,0,0,D,2.6,3.2,2.4,2.7,3,2.4,2.7,3,2.3,2.6,3.2,2.375,,,,2.75,2.87,2.5,2.75,3.2,2.25,2.1,1.6,1.8,2.05,0.25,1.8,2.1,0.25
F1,21/02/2004,Bordeaux,Lens,0,0,D,0,0,D,1.727,3.25,4.333,1.75,3.1,4.5,1.7,3.2,4.2,1.8,3.25,3.75,,,,1.8,3.1,4.2,1.66,3.3,4.5,2,1.65,2.05,1.8,-0.75,2.125,1.775,-0.75
F1,21/02/2004,Lille,Nice,1,2,A,0,1,A,2.1,3,3.25,2.05,2.8,3.7,2.1,2.7,3.5,2.1,3,3.2,,,,2.1,3,3.25,1.9,2.87,4,2.2,1.55,2.05,1.59,-0.5,2.1,1.8,-0.5
F1,21/02/2004,Lyon,Le Mans,2,0,H,1,0,H,1.3,4.5,8,1.33,4.25,8,1.33,3.8,8,1.286,4.333,9,,,,1.28,4.5,8.5,1.3,4.2,8.5,1.83,1.83,1.33,2.78,-0.5,1.825,2.075,-1.25
F1,21/02/2004,Metz,Toulouse,0,2,A,0,1,A,1.8,3.25,4,1.85,3.1,3.95,1.9,3,3.6,2,3,3.4,,,,1.85,3.1,4,1.9,3.2,3.5,2.2,1.55,1.85,1.74,-0.5,2.05,1.85,-0.5
F1,21/02/2004,Paris SG,Guingamp,2,0,H,1,0,H,1.364,4,7.5,1.37,4,7.5,1.4,3.7,6.5,1.333,4.333,7,,,,1.33,4,8.5,1.36,3.75,8,1.9,1.75,1.9,1.95,-1.25,1.95,1.95,-1.25
F1,21/02/2004,Rennes,Ajaccio,4,1,H,0,1,A,1.727,3.25,4.333,1.7,3.15,4.75,1.75,3.1,4.2,1.8,3.25,3.75,,,,1.75,3.1,4.5,1.8,3.3,3.75,2.1,1.6,2.05,1.8,-0.75,2.1,1.8,-0.75
F1,21/02/2004,Strasbourg,Sochaux,0,2,A,0,2,A,2.4,3.2,2.6,2.5,3,2.6,2.3,2.9,2.8,2.4,3.25,2.5,,,,2.5,3,2.62,2.4,3.1,2.6,1.95,1.71,1.9,1.95,0,1.9,2,0
F1,22/02/2004,Marseille,Nantes,1,1,D,1,1,D,1.8,3.25,4,1.9,3.1,3.8,1.85,3.1,3.6,1.8,3.25,3.75,,,,1.8,3.2,4,1.8,3.1,4,2,1.65,1.9,1.71,-0.5,2.025,1.875,-0.5
F1,28/02/2004,Le Mans,Rennes,2,2,D,1,1,D,2.375,3.2,2.625,2.35,3.1,2.75,2.2,2.9,3,2.375,3,2.75,,,,2.37,3,2.8,2.3,3.1,2.75,2.2,1.55,1.8,2.05,0,1.85,2.05,0
F1,28/02/2004,Lens,Lyon,1,1,D,0,1,A,2.625,3,2.5,2.6,3,2.5,2.4,3,2.6,2.625,2.875,2.5,,,,2.5,3,2.6,2.62,3.1,2.37,2.1,1.6,1.95,1.9,0,2.1,1.8,0
F1,28/02/2004,Montpellier,Lille,0,2,A,0,1,A,2.5,3.2,2.5,2.45,3,2.7,2.4,2.9,2.7,2.5,3.2,2.5,,,,2.5,3,2.6,2.5,3.1,2.5,2,1.65,1.9,1.95,0,1.9,2,0
F1,28/02/2004,Nantes,Strasbourg,1,1,D,1,0,H,1.667,3.4,4.5,1.65,3.25,5,1.6,3.3,4.8,1.667,3.25,4.5,,,,1.66,3.2,5,1.61,3.3,5,2.1,1.6,1.9,1.95,-0.75,1.95,1.95,-0.75
F1,28/02/2004,Toulouse,Monaco,1,1,D,0,0,D,4,3.25,1.8,3.85,3.2,1.85,3.6,3.1,1.85,3.75,3.25,1.8,,,,4,3.2,1.8,3.75,3.2,1.83,2.1,1.6,1.75,1.85,0.5,1.975,1.925,0.5
F1,29/02/2004,Ajaccio,Bordeaux,1,0,H,1,0,H,2.5,3.2,2.5,2.5,3,2.6,2.7,2.9,2.4,2.5,3.2,2.5,,,,2.5,3,2.6,2.5,3.1,2.5,2.1,1.6,1.85,2,0,1.95,1.95,0
F1,29/02/2004,Auxerre,Paris SG,1,1,D,1,0,H,2.25,3,3,2.3,3,2.9,2.3,2.9,2.8,2.25,3.2,2.75,,,,2.25,3,3,2.3,3.1,2.75,2.2,1.55,2.05,1.8,-0.25,2,1.9,-0.25
F1,29/02/2004,Nice,Marseille,0,0,D,0,0,D,2.25,3,3,2.3,3,2.9,2.3,2.8,2.9,2.25,3,2.875,,,,2.2,3,3.1,2.2,3.1,2.87,2.2,1.55,2,1.85,-0.25,2.1,1.8,-0.25
F1,29/02/2004,Sochaux,Bastia,2,1,H,1,0,H,1.5,3.5,6,1.52,3.5,5.9,1.6,3.3,4.8,1.571,3.25,5.5,,,,1.53,3.4,6,1.5,3.4,6,2.1,1.6,2.05,1.8,-1,2.1,1.8,-1
F1,05/03/2004,Lyon,Ajaccio,4,0,H,1,0,H,1.333,4.333,7.5,1.35,4,8.5,1.33,4,7.5,1.3,4.333,8,1.33,4.33,7.5,1.36,4,7.5,1.3,4.2,8.5,1.79,1.85,1.35,2.72,-0.5,1.925,1.975,-1.25
F1,05/03/2004,Monaco,Guingamp,3,1,H,2,1,H,1.3,4.333,8.5,1.35,4,8.5,1.35,4,7,1.3,4.333,8,1.33,4.2,8,1.33,4.2,8,1.3,4.2,8.5,1.95,1.71,1.35,2.72,-0.5,2.05,1.85,-1.25
F1,06/03/2004,Bordeaux,Le Mans,2,0,H,1,0,H,1.444,3.6,7,1.5,3.65,6,1.55,3.3,5.2,1.5,3.4,6,1.5,3.5,6,1.5,3.5,6,1.5,3.3,6.5,2.1,1.6,1.5,2.27,-0.5,1.9,2,-1
F1,06/03/2004,Lille,Auxerre,1,0,H,0,0,D,2.5,3,2.6,2.6,3,2.55,2.6,2.8,2.6,2.5,2.875,2.625,2.5,3,2.62,2.5,3,2.62,2.5,2.9,2.62,2.1,1.6,1.9,1.95,0,2,1.9,0
F1,06/03/2004,Metz,Lens,0,2,A,0,1,A,2.4,3.1,2.625,2.45,3.1,2.65,2.5,2.9,2.6,2.375,3.2,2.6,2.4,3,2.75,2.4,3,2.75,2.37,3,2.7,2.3,1.5,1.8,2.05,0,1.9,2,0
F1,06/03/2004,Montpellier,Toulouse,0,1,A,0,1,A,2.3,3.1,2.8,2.32,3.1,2.8,2.2,3,2.9,2.25,3,2.875,2.3,3,2.88,2.3,3,2.87,2.25,3,2.87,2.2,1.55,1.95,1.9,-0.25,2,1.9,-0.25
F1,06/03/2004,Paris SG,Sochaux,1,1,D,0,0,D,1.833,3.1,4,1.83,3.1,4.25,1.75,3.1,4.2,1.727,3.2,4.333,1.83,3.1,4,1.83,3.1,4,1.8,3.1,4,2.1,1.6,1.83,1.83,-0.5,1.9,2,-0.5
F1,06/03/2004,Rennes,Nantes,0,3,A,0,0,D,2.25,3,3,2.3,3,2.95,2.3,2.9,2.8,2.25,3,2.875,2.25,3,3,2.25,3,3,2.2,2.87,3.1,2.2,1.5,2.3,1.49,-0.5,2.075,1.825,-0.25
F1,06/03/2004,Strasbourg,Nice,2,2,D,0,2,A,2.25,3,3,2.3,2.9,3.05,2.2,2.7,3.2,2.2,3,3,2.25,3,3,2.25,3,3,2.25,2.87,3,2.2,1.55,2.05,1.8,-0.25,2.05,1.8,-0.25
F1,07/03/2004,Bastia,Marseille,4,1,H,2,0,H,2.5,3,2.6,2.55,2.95,2.65,2.6,2.8,2.6,,,,2.6,2.88,2.6,2.6,2.87,2.6,2.62,2.9,2.5,2.3,1.5,1.9,1.95,0,1.975,1.925,0
F1,13/03/2004,Ajaccio,Lille,0,3,A,0,1,A,2.3,3.2,2.7,2.3,3.1,2.8,2.4,2.8,2.8,2.25,3,2.875,2.38,3.1,2.7,2.37,3.1,2.7,2.37,3,2.7,2.2,1.55,2.05,1.85,-0.25,2.05,1.85,-0.25
F1,13/03/2004,Guingamp,Montpellier,4,3,H,1,2,A,1.8,3.25,4,1.75,3.2,4.4,1.75,3.1,4.2,1.727,3.2,4.333,1.8,3.2,4,1.8,3.2,4,1.72,3.1,4.5,2,1.65,2.05,1.85,-0.75,2.05,1.85,-0.75
F1,13/03/2004,Le Mans,Paris SG,0,1,A,0,0,D,3.5,3,2,3.8,3.1,1.9,3.8,3.1,1.8,3.5,3.2,1.909,3.6,3.2,1.91,3.6,3.2,1.9,3.75,3,1.9,2.3,1.5,1.71,1.9,0.5,1.875,1.975,0.5
F1,13/03/2004,Lens,Bastia,0,0,D,0,0,D,1.727,3.25,4.333,1.75,3.2,4.4,1.55,3.4,5,1.667,3.25,4.5,1.73,3.25,4.33,1.72,3.25,4.33,1.72,3.1,4.5,2,1.65,2,1.85,-0.75,1.975,1.925,-0.75
F1,13/03/2004,Nantes,Metz,2,2,D,2,0,H,1.571,3.4,5.5,1.6,3.3,5.5,1.6,3.3,4.8,1.615,3.25,5,1.57,3.4,5.5,1.57,3.4,5.5,1.53,3.4,5.5,2.2,1.55,1.85,2,-0.75,1.85,2.05,-0.75
F1,13/03/2004,Nice,Rennes,3,1,H,1,0,H,1.727,3.25,4.333,1.75,3.1,4.55,1.75,3,4.4,1.8,3,4.333,1.75,3.25,4.2,1.75,3.25,4.2,1.72,3.2,4.33,2.2,1.55,2.1,1.77,-0.75,1.8,2.1,-0.5
F1,13/03/2004,Sochaux,Lyon,1,2,A,1,1,D,2.375,3,2.75,2.35,3.05,2.8,2.4,2.9,2.7,2.375,3,2.75,2.38,3.1,2.7,2.37,3.1,2.7,2.3,3,2.8,1.95,1.71,2.05,1.8,-0.25,1.85,2.05,0
F1,14/03/2004,Auxerre,Monaco,0,0,D,0,0,D,2.5,3.2,2.5,2.5,3.05,2.6,2.5,2.9,2.6,2.375,3.2,2.6,2.5,3,2.6,2.5,3,2.6,2.37,3,2.7,2,1.65,2.5,1.4,-0.5,1.9,2,0
F1,14/03/2004,Marseille,Strasbourg,4,0,H,2,0,H,1.667,3.2,5,1.65,3.2,5.25,1.7,3.1,4.4,1.667,3.25,4.5,1.62,3.4,5,1.61,3.4,5,1.57,3.3,5.5,1.95,1.71,2,1.85,-0.75,1.975,1.925,-0.75
F1,14/03/2004,Toulouse,Bordeaux,1,0,H,0,0,D,2.4,3.2,2.6,2.45,3,2.7,2.6,2.8,2.6,2.5,2.875,2.625,2.5,3,2.6,2.5,3,2.6,2.37,3,2.7,2.2,1.55,2.35,1.44,-0.5,1.9,2,0
F1,19/03/2004,Toulouse,Guingamp,0,0,D,0,0,D,2,3,3.5,2,3,3.4,2,2.9,3.4,1.909,3,3.75,2.05,3.1,3.3,2.05,3.1,3.3,1.83,3.2,3.75,2.2,1.55,2,1.59,-0.5,2.125,1.775,-0.5
F1,20/03/2004,Bastia,Le Mans,0,0,D,0,0,D,1.667,3.2,5,1.62,3.4,4.75,1.6,3.3,4.8,1.667,3.25,4.5,1.62,3.4,5,1.61,3.4,5,1.61,3.3,5,2.2,1.55,1.95,1.9,-0.75,2,1.9,-0.75
F1,20/03/2004,Bordeaux,Nice,1,1,D,1,1,D,2,3,3.5,2,3,3.4,2,2.9,3.4,1.833,3,4,2,3,3.5,2,3,3.5,1.9,2.87,4,2.2,1.55,2,1.59,-0.5,2.1,1.8,-0.5
F1,20/03/2004,Lille,Lens,1,1,D,1,1,D,2,3,3.5,2,3,3.4,2.1,2.9,3.2,2,3,3.4,2.05,3,3.4,2.05,3,3.4,2,3,3.4,2.2,1.55,2,1.59,-0.5,2.125,1.775,-0.5
F1,20/03/2004,Lyon,Nantes,1,0,H,1,0,H,1.615,3.4,5,1.62,3.25,5,1.55,3.4,5,1.615,3.25,5,1.62,3.4,5,1.61,3.4,5,1.61,3.3,5,1.95,1.71,1.95,1.9,-0.75,2.025,1.875,-0.75
F1,20/03/2004,Metz,Strasbourg,1,0,H,1,0,H,2.25,3,3,2.3,2.9,2.9,2.3,2.9,2.8,2.25,3,2.875,2.25,3,3,2.25,3,3,2.1,3,3.2,2.1,1.6,2.05,1.8,-0.25,2.075,1.825,-0.25
F1,20/03/2004,Monaco,Sochaux,1,1,D,0,0,D,1.667,3.4,4.5,1.65,3.25,4.75,1.7,3.1,4.4,1.727,3.2,4.333,1.62,3.4,5,1.61,3.4,5,1.72,3.2,4.33,1.95,1.71,2.1,1.77,-0.75,2.125,1.775,-0.75
F1,20/03/2004,Montpellier,Auxerre,1,0,H,0,0,D,3,3.25,2.1,3.1,3,2.15,3.1,3,2.1,3.4,3,2,3.2,3.1,2.1,3.2,3.1,2.1,3.2,3,2.1,2.1,1.6,1.9,1.95,0.25,2,1.9,0.25
F1,20/03/2004,Paris SG,Ajaccio,1,0,H,0,0,D,1.333,4,8.5,1.3,4.5,7.5,1.3,4,8.5,1.3,4,9,1.33,4,8.5,1.33,4,8.5,1.33,4,8,1.85,1.79,1.8,2.05,-1.25,1.8,2.1,-1.25
F1,21/03/2004,Rennes,Marseille,4,3,H,2,2,D,2.4,3.2,2.6,2.4,2.9,2.75,2.4,2.9,2.7,2.5,2.875,2.625,2.4,3,2.75,2.4,3,2.75,2.37,3,2.7,2,1.65,2.1,1.77,-0.25,1.85,2.05,0
F1,27/03/2004,Ajaccio,Bastia,1,0,H,1,0,H,2.25,3,3,2.25,3.1,2.9,2.3,2.8,2.9,2.2,3,3,2.25,3,3,2.25,3,3,2.2,2.87,3.1,2.2,1.55,2,1.85,-0.25,1.775,2.125,0
F1,27/03/2004,Guingamp,Lille,2,1,H,2,1,H,2.375,3.2,2.625,2.4,3.15,2.65,2.2,3,2.9,2.375,3.2,2.6,2.38,3.1,2.7,2.37,3.1,2.7,2.4,3.1,2.6,2,1.65,1.85,2,0,1.9,2,-0.25
F1,27/03/2004,Le Mans,Monaco,0,1,A,0,0,D,4,3.25,1.8,4.1,3.2,1.8,3.8,3.1,1.8,3.6,3.4,1.8,4,3.2,1.8,4,3.2,1.8,4.33,3.2,1.72,2.1,1.6,1.8,1.8,0.5,2.1,1.8,0.5
F1,27/03/2004,Nantes,Montpellier,3,2,H,1,1,D,1.533,3.4,6,1.5,3.6,6,1.6,3.2,5,1.5,3.4,6,1.5,3.5,6,1.5,3.5,6,1.44,3.6,6.5,1.95,1.71,1.85,2,-1,2.05,1.85,-1
F1,27/03/2004,Nice,Lyon,0,1,A,0,1,A,2.75,3,2.375,2.65,3,2.5,2.9,2.8,2.3,3,3,2.2,2.6,3,2.5,2.6,3,2.5,2.62,2.9,2.5,2.1,1.6,2,1.85,0,2.075,1.825,0
F1,27/03/2004,Sochaux,Metz,2,0,H,0,0,D,1.533,3.4,5.5,1.55,3.5,5.5,1.6,3.2,5,1.571,3.25,5.5,1.53,3.5,5.5,1.53,3.5,5.5,1.53,3.4,5.5,2.1,1.6,1.8,2.05,-0.75,2.1,1.8,-1
F1,27/03/2004,Strasbourg,Rennes,0,3,A,0,0,D,2.1,3,3.25,1.95,3.1,3.65,1.9,2.9,3.8,1.909,3.2,3.5,2,3,3.5,2,3,3.5,1.9,3.1,3.6,1.95,1.71,1.95,1.68,-0.5,2.1,1.8,-0.5
F1,28/03/2004,Auxerre,Toulouse,3,2,H,2,1,H,1.615,3.4,5,1.6,3.4,5.2,1.55,3.3,5.2,1.615,3.25,5,1.62,3.4,5,1.61,3.4,5,1.61,3.1,5.5,2.1,1.6,1.9,1.95,-0.75,1.8,2.1,-0.5
F1,28/03/2004,Lens,Paris SG,1,0,H,1,0,H,2.625,3,2.5,2.65,2.95,2.55,2.6,2.8,2.6,2.625,2.875,2.5,2.6,2.88,2.6,2.6,2.87,2.6,2.75,2.9,2.4,2.2,1.55,2.05,1.8,0,2.15,1.75,0
F1,28/03/2004,Marseille,Bordeaux,1,1,D,0,1,A,1.727,3.25,4.333,1.75,3.25,4.3,1.75,3.2,4,1.727,3.4,4,1.75,3.2,4.33,1.75,3.2,4.33,1.72,3.1,4.5,2,1.65,2,1.85,-0.75,2,1.9,-0.75
F1,02/04/2004,Monaco,Ajaccio,3,3,D,0,3,A,1.286,4.5,8.5,1.25,4.8,9.5,1.25,4.5,9,1.25,4.5,10,1.29,4.33,9,1.25,4.5,10,1.22,5,9.5,1.65,2,1.9,1.95,-1.5,2,1.9,-1.5
F1,03/04/2004,Bastia,Nice,2,1,H,2,1,H,2.25,3,3,2.25,2.8,3.2,2.2,2.8,3.1,2.2,3,3,2.25,2.88,3.1,2.25,2.87,3.1,2.25,2.8,3.1,2.2,1.55,2.05,1.8,-0.25,2.1,1.8,-0.25
F1,03/04/2004,Bordeaux,Strasbourg,1,1,D,0,0,D,1.667,3.2,5,1.67,3.3,4.7,1.7,3.2,4.2,1.667,3.25,4.5,1.67,3.25,4.75,1.66,3.25,4.75,1.61,3.3,5,2.1,1.6,1.95,1.9,-0.75,1.975,1.925,-0.75
F1,03/04/2004,Lille,Rennes,1,0,H,0,0,D,1.909,3.1,3.75,1.95,3,3.75,2,2.8,3.6,1.833,3.2,3.75,1.91,3.1,3.75,1.9,3.1,3.75,1.9,3,3.75,2.2,1.55,1.95,1.67,-0.5,2.05,1.85,-0.5
F1,03/04/2004,Lyon,Marseille,1,2,A,1,1,D,1.615,3.4,6,1.62,3.4,4.9,1.55,3.5,4.8,1.667,3.25,4.5,1.62,3.4,5,1.61,3.4,5,1.61,3.3,5,2,1.65,1.8,2.05,-0.75,2.1,1.8,-1
F1,03/04/2004,Metz,Le Mans,5,0,H,2,0,H,1.8,3.25,4,1.83,3.2,3.9,1.85,3.1,3.6,1.8,3.2,4,1.83,3.1,4,1.83,3.1,4,1.83,3.2,3.75,2.3,1.5,1.83,1.76,-0.5,1.95,1.95,-0.5
F1,03/04/2004,Montpellier,Lens,1,0,H,1,0,H,2.6,3.2,2.4,2.55,3.2,2.45,2.7,2.9,2.4,2.5,3.25,2.4,2.6,3.2,2.4,2.6,3.2,2.4,2.6,3.1,2.4,2.1,1.6,1.95,1.9,0,2,1.9,0
F1,03/04/2004,Paris SG,Nantes,3,2,H,1,1,D,1.667,3.2,5,1.73,3.2,4.45,1.7,3.2,4.2,1.727,3.2,4.333,1.7,3.2,4.6,1.7,3.2,4.6,1.66,3.3,4.5,2.1,1.6,2,1.85,-0.75,2.1,1.8,-0.75
F1,03/04/2004,Toulouse,Sochaux,0,0,D,0,0,D,2.625,3,2.5,2.65,2.9,2.55,2.7,2.9,2.4,2.5,3.25,2.4,2.6,3,2.5,2.6,3,2.5,2.62,2.9,2.5,2.2,1.55,1.95,1.9,0,2.05,1.85,0
F1,04/04/2004,Guingamp,Auxerre,2,2,D,1,0,H,2.5,3.2,2.5,2.55,3.1,2.5,2.6,2.8,2.6,2.5,3.2,2.5,2.6,3,2.5,2.6,3,2.5,2.4,3.1,2.6,2.3,1.5,1.95,1.9,0,1.975,1.925,0
F1,10/04/2004,Ajaccio,Montpellier,0,0,D,0,0,D,1.909,3.25,3.5,1.85,3.2,3.9,2,2.9,3.4,1.8,3.25,3.75,1.91,3.1,3.75,1.9,3.1,3.75,1.83,3,4,1.95,1.71,1.91,1.7,-0.5,2.025,1.875,-0.5
F1,10/04/2004,Auxerre,Metz,2,1,H,0,0,D,1.571,3.4,5.5,1.55,3.5,5.5,1.55,3.5,4.8,1.615,3.25,5,1.57,3.4,5.5,1.57,3.4,5.5,1.57,3.3,5.5,2.1,1.6,1.8,2,-0.75,1.8,2.1,-0.75
F1,10/04/2004,Le Mans,Toulouse,2,1,H,1,0,H,2.4,3.2,2.6,2.5,3.1,2.55,2.5,3,2.5,2.5,3.2,2.5,2.38,3.1,2.7,2.37,3.1,2.7,2.5,3.1,2.5,,,1.85,1.95,0,1.875,2.025,0
F1,10/04/2004,Lens,Monaco,0,0,D,0,0,D,2.7,3.2,2.3,2.7,3.15,2.35,2.7,2.8,2.5,2.5,3.25,2.4,2.7,3.1,2.38,2.7,3.1,2.37,2.62,3.1,2.37,2.2,1.55,2,1.8,0,1.8,2.1,0.25
F1,10/04/2004,Nantes,Bastia,1,1,D,0,0,D,1.727,3.25,4.333,1.65,3.3,5,1.7,3.2,4.2,1.727,3.2,4.333,1.7,3.2,4.75,1.7,3.2,4.75,1.66,3.3,4.5,2.1,1.6,1.8,2,-0.75,1.925,1.975,-0.75
F1,10/04/2004,Nice,Paris SG,1,2,A,1,0,H,2.625,3.2,2.375,2.65,3.1,2.42,3,2.7,2.3,2.75,3,2.375,2.62,3,2.5,2.62,3,2.5,2.7,3,2.37,2.3,1.5,1.77,2.05,0.25,1.775,2.125,0.25
F1,10/04/2004,Sochaux,Guingamp,2,0,H,0,0,D,1.571,3.4,5.5,1.6,3.4,5.25,1.55,3.5,4.8,1.571,3.5,5,1.57,3.4,5.5,1.57,3.4,5.5,1.5,3.4,6,2,1.65,1.77,2.05,-0.75,1.775,2.125,-0.75
F1,11/04/2004,Strasbourg,Lyon,0,1,A,0,0,D,3.4,3.25,2.1,3.5,3.2,1.95,3.6,3,1.9,3,3.2,2.1,3.4,3.1,2,3.4,3.1,2,3.6,3.3,1.83,1.95,1.75,1.67,1.95,0.5,1.85,2.05,0.5
F1,16/04/2004,Guingamp,Metz,1,1,D,1,1,D,2,3,3.5,1.92,3.1,3.65,2.1,2.9,3.2,1.91,3.2,3.5,2,3.1,3.4,2,3.1,3.4,1.83,3.2,3.75,2.25,1.55,1.92,1.68,-0.5,1.775,2.125,-0.25
F1,18/04/2004,Marseille,Lille,2,1,H,1,1,D,1.727,3.25,4.333,1.7,3.25,4.5,1.7,3.1,4.4,1.67,3.25,4.5,1.67,3.2,4.75,1.72,3.2,4.5,1.66,3.3,4.5,2.05,1.65,2,1.8,-0.75,2.1,1.8,-0.75
F1,18/04/2004,Rennes,Bordeaux,3,1,H,1,0,H,2.1,3.25,3,2,3,3.5,2,2.9,3.4,2,3.2,3.2,2.1,3,3.1,2.2,3,3.1,1.9,3.1,3.6,2.25,1.55,1.8,2,-0.25,1.8,2.1,-0.25
F1,24/04/2004,Auxerre,Sochaux,2,1,H,0,0,D,2,3,3.5,1.91,3.1,3.75,1.9,3,3.6,1.91,3.2,3.5,1.91,3.2,3.6,1.9,3.2,3.6,1.9,3.1,3.6,2,1.65,1.91,1.7,-0.5,1.925,1.975,-0.5
F1,24/04/2004,Bastia,Bordeaux,0,2,A,0,1,A,2.2,3,3.1,2.15,2.9,3.15,1.9,3,3.6,2,3.2,3.2,2.1,2.88,3.4,2.1,2.87,3.4,2,3,3.4,2.2,1.55,1.8,2,-0.5,1.9,2,-0.5
F1,24/04/2004,Guingamp,Lens,1,0,H,1,0,H,2.2,3,3.1,2.15,3,3.15,2,3,3.3,2.1,3.2,3,2.1,3.1,3.2,2.1,3.1,3.2,2.1,3.1,3.1,2.1,1.6,1.75,2.05,-0.5,1.8,2.1,-0.5
F1,24/04/2004,Lille,Strasbourg,0,1,A,0,1,A,1.83,3.25,3.75,1.85,3.15,3.9,1.9,3,3.6,1.8,3.25,3.75,1.83,3.25,3.75,1.85,3.2,3.75,1.8,3.1,4,2.2,1.55,1.85,1.74,-0.5,2.1,1.8,-0.5
F1,24/04/2004,Lyon,Rennes,3,0,H,0,0,D,1.4,3.75,7.5,1.35,4.1,7.75,1.3,4,8.5,1.3,4,9,1.36,4,7.5,1.36,4,7.5,1.36,3.75,8,1.83,1.83,2,1.8,-1.5,1.8,2.1,-1.25
F1,24/04/2004,Metz,Nice,1,0,H,0,0,D,2.1,3,3.25,2.1,2.9,3.4,2.1,2.9,3.2,2.1,3.2,3,2,3,3.5,2,3,3.5,2,2.87,3.6,2.3,1.5,1.75,2.05,-0.5,1.8,2.1,-0.5
F1,24/04/2004,Monaco,Nantes,0,1,A,0,0,D,1.57,3.4,5.5,1.57,3.4,5.5,1.55,3.4,5,1.5,3.6,5.5,1.57,3.4,5.5,1.57,3.4,5.5,1.53,3.4,5.5,2,1.71,2.05,1.75,-1,2.025,1.875,-1
F1,24/04/2004,Montpellier,Le Mans,0,3,A,0,3,A,1.8,3.25,4,1.8,3.15,4.2,1.75,3.2,4,1.8,3.2,4,1.8,3.2,4,1.8,3.2,4,1.72,3.2,4.33,2.2,1.55,1.8,1.8,-0.5,1.85,2.05,-0.5
F1,24/04/2004,Toulouse,Ajaccio,3,1,H,1,0,H,2,3,3.5,1.95,3.1,3.6,2,3,3.3,2,3.2,3.2,2,3,3.5,2,3,3.5,2,3,3.4,2.2,1.55,1.95,1.67,-0.5,2.075,1.825,-0.5
F1,25/04/2004,Paris SG,Marseille,2,1,H,1,0,H,1.8,3.25,4,1.8,3.15,4.2,1.8,3,4,1.8,3.2,4,1.73,3.25,4.33,1.75,3.2,4.33,1.72,3.1,4.5,2,1.65,1.8,1.8,-0.5,1.875,2.025,-0.5
F1,30/04/2004,Nice,Monaco,1,2,A,1,2,A,2.5,3.25,2.4,2.9,3,2.25,3,2.9,2.2,3,3,2.2,2.8,3.1,2.3,2.8,3.2,2.2,2.8,3.2,2.2,2.3,1.5,1.85,1.95,0.25,1.9,2,0.25
F1,01/05/2004,Ajaccio,Guingamp,0,0,D,0,0,D,2.2,3,3,2.15,3,3.05,2.1,2.9,3.2,2.1,3,3.2,2.2,3,3.1,2,3,3.4,2,3,3.4,2.2,1.55,1.87,1.93,-0.25,1.875,2.025,-0.25
F1,01/05/2004,Le Mans,Auxerre,2,1,H,2,0,H,2.75,3.2,2.25,2.85,3.1,2.2,2.9,3,2.2,3,3.4,2,2.88,3.2,2.2,2.8,3,2.3,2.8,3,2.3,2.3,1.5,1.85,1.95,0.25,1.95,1.95,0.25
F1,01/05/2004,Lens,Toulouse,1,1,D,1,0,H,1.8,3.3,3.75,1.91,3.1,3.6,2,3,3.3,1.8,3.25,3.75,2,3.2,3.3,1.9,3.1,3.6,1.9,3.1,3.6,2.2,1.55,1.91,1.67,-0.5,2.075,1.825,-0.5
F1,01/05/2004,Marseille,Metz,0,1,A,0,1,A,1.61,3.5,4.5,1.65,3.3,4.65,1.65,3.2,4.6,1.5,3.6,5.5,1.67,3.25,4.75,1.53,3.4,5.5,1.53,3.4,5.5,2.1,1.6,1.85,1.95,-0.75,1.95,1.95,-0.75
F1,01/05/2004,Nantes,Lille,2,0,H,2,0,H,1.8,3.3,3.75,1.8,3.1,4,1.8,3.1,3.8,1.8,3.2,4,1.85,3.1,4,1.8,3.1,4,1.8,3.1,4,2,1.65,1.8,1.75,-0.5,1.95,1.95,-0.5
F1,01/05/2004,Rennes,Bastia,4,0,H,3,0,H,1.83,3.2,3.75,1.95,2.85,3.8,2.1,2.5,3.8,1.91,3,3.75,1.91,2.9,4,1.83,3,4,1.83,3,4,2,1.65,1.95,1.63,-0.5,2.05,1.85,-0.5
F1,01/05/2004,Sochaux,Montpellier,3,1,H,2,1,H,1.57,3.5,5,1.6,3.4,4.85,1.65,3.3,4.4,1.62,3.25,5,1.57,3.4,5.5,1.61,3.3,5,1.61,3.3,5,1.95,1.71,1.8,2,-0.75,1.85,2.05,-0.75
F1,01/05/2004,Strasbourg,Paris SG,0,0,D,0,0,D,3,3.2,2.1,3.4,3,2,3.6,3,1.9,3.2,3.2,2,3.4,3.1,2,3.3,3.1,2,3.3,3.1,2,2,1.65,1.59,2,0.5,1.85,2.05,0.5
F1,02/05/2004,Bordeaux,Lyon,1,1,D,0,0,D,2.62,3.2,2.3,3.05,3,2.15,3.2,2.9,2.1,3.2,3.2,2,3.2,3.1,2.1,3.1,3.1,2.1,3.1,3.1,2.1,2.2,1.55,2,1.8,0.25,2.05,1.85,0.25
F1,08/05/2004,Auxerre,Ajaccio,1,1,D,1,0,H,1.53,3.4,6,1.45,3.75,5.75,1.5,3.5,5.4,1.5,3.4,6,1.53,3.5,5.5,1.53,3.5,5.5,1.44,3.6,6.5,1.75,1.9,1.9,1.9,-1.25,1.925,1.975,-1.25
F1,08/05/2004,Bastia,Strasbourg,0,0,D,0,0,D,2.2,2.62,3.5,2.05,2.65,3.8,2.2,2.4,3.6,2.1,2.75,3.6,2.1,2.6,4,2.1,2.6,4,2,2.6,4.2,2.2,1.55,1.8,2,-0.25,1.825,2.075,-0.25
F1,08/05/2004,Guingamp,Le Mans,2,4,A,0,2,A,1.83,3.25,3.75,1.85,3.2,3.65,1.85,3,3.8,1.73,3.4,4,1.83,3.2,3.75,1.85,3.2,3.75,1.8,3.3,3.75,2.1,1.6,1.85,1.71,-0.5,1.95,1.95,-0.5
F1,08/05/2004,Lille,Bordeaux,2,1,H,1,0,H,2.25,3,2.87,2.25,3,2.85,2.4,2.8,2.8,2.1,3.2,3,2.3,3.1,2.8,2.3,3.1,2.8,2.2,3.1,2.87,2.3,1.5,2,1.8,-0.25,2.125,1.775,-0.25
F1,08/05/2004,Metz,Lyon,1,2,A,1,1,D,4,3.2,1.8,3.65,3.2,1.85,3.8,3.1,1.8,3.75,3.25,1.8,3.75,3.25,1.83,3.75,3.25,1.83,4.2,3.25,1.72,2.3,1.5,1.71,1.85,0.5,2.05,1.85,0.5
F1,08/05/2004,Montpellier,Nice,2,2,D,1,1,D,1.9,3.2,3.5,1.9,3.25,3.4,1.8,3.3,3.6,2,3.2,3.2,2,3.2,3.3,1.9,3.25,3.5,1.9,3.1,3.6,2,1.65,1.9,1.66,-0.5,1.95,1.95,-0.5
F1,08/05/2004,Paris SG,Rennes,1,0,H,0,0,D,1.33,4,8,1.3,4.2,8.5,1.3,4,8.5,1.25,4.5,10,1.33,4,8.5,1.33,4,8.5,1.28,4.33,8.5,1.75,1.9,,,,1.95,1.95,-1.5
F1,08/05/2004,Sochaux,Lens,0,3,A,0,2,A,1.66,3.3,4.5,1.6,3.4,4.75,1.65,3.2,4.6,1.67,3.25,4.5,1.67,3.4,4.5,1.67,3.4,4.5,1.57,3.3,5.5,2.1,1.6,1.95,1.85,-1,2.05,1.85,-1
F1,08/05/2004,Toulouse,Nantes,0,1,A,0,0,D,2.5,3.1,2.5,2.4,3.1,2.55,2.2,3.1,2.8,2.25,3.2,2.75,2.38,3.1,2.7,2.38,3.1,2.7,2.37,3.3,2.5,2.2,1.55,1.8,2,0,1.825,2.025,0
F1,09/05/2004,Monaco,Marseille,1,0,H,0,0,D,1.61,3.25,5,1.65,3.3,4.6,1.6,3.4,4.6,1.73,3.2,4.33,1.67,3.25,4.75,1.67,3.25,4.75,1.61,3.3,5,1.83,1.83,1.8,2,-0.75,1.85,2.05,-0.75
F1,11/05/2004,Bordeaux,Paris SG,3,0,H,1,0,H,3.2,3.2,2,3.4,3.15,1.9,3.1,3,2.1,3.75,3.25,1.8,3.4,3.1,2,3.4,3.1,2,3,3,2.2,2.3,1.5,1.64,1.9,0.5,,,
F1,11/05/2004,Lens,Auxerre,1,3,A,1,1,D,2.5,3.25,2.4,2.6,3.2,2.25,2.8,2.8,2.4,2.4,3.25,2.5,2.6,3.2,2.4,2.6,3.2,2.4,2.5,3.1,2.5,2.2,1.55,1.43,2.25,0.5,1.95,1.95,0
F1,12/05/2004,Ajaccio,Sochaux,1,0,H,1,0,H,2.1,3.2,3,2.05,3,3.15,1.85,3.1,3.6,2.25,3.2,2.75,2.1,3.2,3.1,2.1,3.2,3.1,1.83,3.4,3.5,2.2,1.55,2.05,1.54,-0.5,,,
F1,12/05/2004,Le Mans,Lille,1,1,D,1,1,D,1.83,3.2,3.75,1.7,3.3,4,1.75,3.2,4,1.91,3.2,3.5,1.8,3.25,4,1.8,3.25,4,1.72,3.25,4.2,2,1.65,1.7,1.81,-0.5,,,
F1,12/05/2004,Lyon,Bastia,1,0,H,1,0,H,1.22,5,9,1.15,5.5,11,1.22,4.8,9.5,1.25,4.5,10,1.25,5,8.5,1.25,5,9,1.25,4.5,10,1.83,1.83,1.15,3.67,-0.5,,,
F1,12/05/2004,Marseille,Montpellier,1,1,D,1,0,H,1.66,3.6,4,1.5,3.5,5.25,1.85,3.2,3.5,1.62,3.5,4.5,1.73,3.5,4,1.72,3.5,4,1.7,3.5,4,2,1.65,1.5,2.1,-0.5,,,
F1,12/05/2004,Nantes,Guingamp,0,0,D,0,0,D,1.66,3.4,4.33,1.6,3.4,4.5,1.65,3.3,4.4,1.67,3.25,4.5,1.67,3.4,4.5,1.66,3.4,4.5,1.57,3.5,5,2,1.65,1.6,1.94,-0.5,,,
F1,12/05/2004,Nice,Toulouse,1,1,D,0,1,A,2.37,3.25,2.5,2.4,3.15,2.45,2.4,3,2.6,2.4,3.25,2.5,2.38,3.1,2.7,2.37,3.1,2.7,2.4,2.9,2.75,2.1,1.6,2.4,1.38,-0.5,,,
F1,12/05/2004,Rennes,Metz,0,0,D,0,0,D,2.25,3.2,2.75,2.25,3.15,2.65,2.3,2.7,3,1.91,3.2,3.5,2.25,3.1,2.88,2.25,3.1,2.87,2.2,3,3,2.1,1.6,2.25,1.44,-0.5,,,
F1,12/05/2004,Strasbourg,Monaco,0,0,D,0,0,D,3.4,3.25,1.9,3.75,3.25,1.77,3.5,3.1,1.9,3.5,3.2,1.91,3.6,3.2,1.91,3.6,3.2,1.9,3.4,3.25,1.9,2.1,1.6,1.74,1.77,0.5,,,
F1,15/05/2004,Auxerre,Nantes,2,0,H,2,0,H,1.83,3,4,1.9,3,3.8,1.85,3.1,3.6,,,,1.91,3.1,3.6,1.9,3.1,3.6,1.9,3.2,3.5,2.1,1.6,1.9,1.68,-0.5,1.9,2,-0.5
F1,15/05/2004,Guingamp,Nice,1,2,A,1,0,H,1.61,3.1,5.5,1.62,3.1,5.5,1.55,3.4,5,,,,1.62,3.1,5.5,1.61,3.1,5.5,1.61,3.1,5.5,2,1.65,1.62,1.98,-0.5,,,
F1,15/05/2004,Lens,Ajaccio,2,0,H,1,0,H,2.37,3.1,2.62,2.35,3.1,2.65,2.1,2.9,3.2,,,,2.38,3.1,2.6,2.37,3.1,2.6,2.3,3.2,2.62,2.1,1.6,2.35,1.43,-0.5,,,
F1,15/05/2004,Lille,Bastia,2,0,H,0,0,D,2.25,3,2.87,2.25,2.85,3.05,2.3,2.8,2.9,,,,2.3,2.88,2.9,2.3,2.87,2.9,2.3,2.9,2.9,2.3,1.5,2.25,1.47,-0.5,,,
F1,15/05/2004,Metz,Bordeaux,3,1,H,0,1,A,2.1,3,3.2,2,3,3.45,1.85,3.1,3.6,,,,2,3,3.4,2,3,3.4,2,3,3.4,2.2,1.55,2,1.6,-0.5,,,
F1,15/05/2004,Monaco,Rennes,1,4,A,1,1,D,1.33,4,8,1.25,4.5,10,1.3,4.2,8,,,,1.29,4.5,8,1.28,4.5,8,1.25,5,8,1.75,1.9,1.25,3.1,-0.5,,,
F1,15/05/2004,Montpellier,Strasbourg,1,2,A,0,0,D,2.8,2.87,2.37,2.9,2.9,2.3,3.2,2.9,2.1,,,,2.88,3,2.25,2.87,3,2.25,2.75,3.1,2.3,,,1.45,2.3,0.5,,,
F1,15/05/2004,Paris SG,Lyon,1,0,H,1,0,H,2.4,2.87,2.75,2.35,3,2.75,2.3,2.9,2.8,,,,2.3,3,2.8,2.3,3,2.8,2.37,3,2.7,2,1.65,1.77,2.05,0,1.75,2.15,0
F1,15/05/2004,Sochaux,Le Mans,3,0,H,1,0,H,2.1,3.5,2.75,2.1,3.35,2.85,2.3,3,2.7,,,,2.1,3.4,2.8,2.1,3.4,2.8,2.2,3.4,2.62,2,1.65,2.1,1.54,-0.5,,,
F1,15/05/2004,Toulouse,Marseille,2,1,H,1,1,D,1.61,3.5,4.5,,,,1.6,3.4,4.6,,,,,,,1.61,3.4,4.75,1.61,3.5,4.5,,,,,,,,
F1,21/05/2004,Bordeaux,Monaco,1,3,A,1,1,D,2.87,2.75,2.5,3.05,2.65,2.35,,,,,,,3,2.75,2.38,3,2.75,2.37,2.87,2.62,2.5,,,,,,,,
F1,23/05/2004,Ajaccio,Metz,3,1,H,2,1,H,1.44,3.75,6.5,1.45,3.7,6,1.45,3.8,5.4,,,,1.5,3.75,5.5,1.5,3.75,5.5,1.44,4,5.5,,,1.45,2.29,-0.5,,,
F1,23/05/2004,Bastia,Paris SG,0,1,A,0,0,D,3.6,2.875,2,3.5,2.85,2.1,,,,,,,3.6,2.8,2.1,3.6,2.8,2.1,,,,,,1.61,2.55,0.5,,,
F1,23/05/2004,Le Mans,Lens,3,0,H,1,0,H,1.8,3.5,3.6,1.8,3.35,3.6,2.1,3.3,2.8,,,,1.8,3.5,3.6,1.8,3.5,3.6,1.8,3.5,3.5,,,1.8,1.74,-0.5,,,
F1,23/05/2004,Lyon,Lille,3,0,H,1,0,H,1.44,3.75,6.5,1.45,3.5,6.5,1.5,3.3,5.8,,,,1.44,3.6,7,1.44,3.6,7,1.44,3.4,7,,,1.45,2.28,-0.5,,,
F1,23/05/2004,Marseille,Guingamp,2,1,H,2,0,H,2.4,3.5,2.4,2.45,3.5,2.3,2.3,3.2,2.5,,,,2.2,3.6,2.3,2.5,3.6,2.3,2.37,3.5,2.37,,,1.44,2.3,0.5,,,
F1,23/05/2004,Nantes,Sochaux,3,1,H,2,0,H,2.25,3.25,2.75,2.35,3.1,2.65,2.1,2.9,3.2,,,,2.2,3.2,2.88,2.2,3.2,2.87,,,,,,2.35,1.43,-0.5,,,
F1,23/05/2004,Nice,Auxerre,1,1,D,0,0,D,2.87,3,2.3,2.75,3.1,2.25,2.7,2.9,2.4,,,,2.8,3.1,2.3,2.8,3.1,2.3,2.4,3.1,2.6,,,1.46,2.25,0.5,,,
F1,23/05/2004,Rennes,Montpellier,4,0,H,2,0,H,1.44,3.75,6.5,1.45,3.5,6.5,1.45,3.8,5.4,,,,1.44,3.75,6.5,1.44,3.75,6.5,1.5,3.4,6,,,1.45,2.28,-0.5,,,
F1,23/05/2004,Strasbourg,Toulouse,0,0,D,0,0,D,3.25,3.25,2,3.15,3.2,2,2.7,3.2,2.2,,,,3.4,3.4,1.91,3.4,3.4,1.9,3.25,3.4,1.9,,,1.59,2,0.5,,,
