saison,journee,Date,HomeTeam,AwayTeam,cl_hometeam,cl_awayteam,points_h,gagnes_h,nuls_h,perdus_h,buts_h,contre_h,points_a,gagnes_a,nuls_a,perdus_a,buts_a,contre_a,forme_h_win,forme_h_draw,forme_h_lose,forme_a_win,forme_a_draw,forme_a_lose,FTHG,FTAG,FTR,HTHG,HTAG,HTR,HST,AST,HC,AC,HY,AY,HR,AR,B365H,B365D,B365A
2009-2010,1,2009-08-08,Auxerre,Sochaux,-1,-1,-1,-1,-1,-1,-1,-1,-1,-1,-1,-1,-1,-1,-1,-1,-1,-1,-1,-1,0,1,A,0,1,A,2,3,6,10,0,2,0,0,2.0,3.0,4.33
2009-2010,1,2009-08-08,Grenoble,Marseille,-1,-1,-1,-1,-1,-1,-1,-1,-1,-1,-1,-1,-1,-1,-1,-1,-1,-1,-1,-1,0,2,A,0,1,A,1,5,3,6,2,1,0,0,4.75,3.1,1.91
2009-2010,1,2009-08-08,Le Mans,Lyon,-1,-1,-1,-1,-1,-1,-1,-1,-1,-1,-1,-1,-1,-1,-1,-1,-1,-1,-1,-1,2,2,D,1,1,D,4,6,3,11,3,2,0,0,3.75,3.1,2.1
2009-2010,1,2009-08-08,Monaco,Toulouse,-1,-1,-1,-1,-1,-1,-1,-1,-1,-1,-1,-1,-1,-1,-1,-1,-1,-1,-1,-1,1,0,H,1,0,H,6,4,8,4,2,3,1,0,2.3,3.0,3.4
2009-2010,1,2009-08-08,Montpellier,Paris SG,-1,-1,-1,-1,-1,-1,-1,-1,-1,-1,-1,-1,-1,-1,-1,-1,-1,-1,-1,-1,1,1,D,0,0,D,2,2,4,2,1,3,1,0,3.5,3.0,2.25
2009-2010,1,2009-08-08,Rennes,Boulogne,-1,-1,-1,-1,-1,-1,-1,-1,-1,-1,-1,-1,-1,-1,-1,-1,-1,-1,-1,-1,3,0,H,2,0,H,6,4,12,4,1,0,0,0,1.53,3.6,7.5
2009-2010,1,2009-08-08,St Etienne,Nice,-1,-1,-1,-1,-1,-1,-1,-1,-1,-1,-1,-1,-1,-1,-1,-1,-1,-1,-1,-1,0,2,A,0,1,A,5,3,8,1,1,2,0,0,1.91,3.2,4.33
2009-2010,1,2009-08-08,Valenciennes,Nancy,-1,-1,-1,-1,-1,-1,-1,-1,-1,-1,-1,-1,-1,-1,-1,-1,-1,-1,-1,-1,1,3,A,1,1,D,2,5,10,2,3,3,1,0,2.2,2.9,3.75
2009-2010,1,2009-08-09,Bordeaux,Lens,-1,-1,-1,-1,-1,-1,-1,-1,-1,-1,-1,-1,-1,-1,-1,-1,-1,-1,-1,-1,4,1,H,1,1,D,5,1,4,3,0,1,0,0,1.5,3.5,7.0
2009-2010,1,2009-08-09,Lille,Lorient,-1,-1,-1,-1,-1,-1,-1,-1,-1,-1,-1,-1,-1,-1,-1,-1,-1,-1,-1,-1,1,2,A,0,1,A,6,4,15,2,2,5,0,0,1.67,3.3,5.5
2009-2010,2,2009-08-15,Toulouse,St Etienne,15,17,0,0,0,1,0,1,0,0,0,1,0,2,0,0,1,0,0,1,3,1,H,1,1,D,7,3,4,2,1,1,0,0,1.91,3.3,4.2
2009-2010,2,2009-08-15,Sochaux,Bordeaux,7,1,3,1,0,0,1,0,3,1,0,0,4,1,1,0,0,1,0,0,2,3,A,0,2,A,7,7,8,7,2,0,0,0,4.0,3.25,2.0
2009-2010,2,2009-08-15,Paris SG,Le Mans,11,10,1,0,1,0,1,1,1,0,1,0,2,2,0,1,0,0,1,0,3,1,H,1,1,D,5,5,8,6,0,2,0,0,1.62,3.6,6.0
2009-2010,2,2009-08-15,Lorient,Montpellier,6,12,3,1,0,0,2,1,1,0,1,0,1,1,1,0,0,0,1,0,2,2,D,0,0,D,5,6,2,2,1,3,0,0,1.91,3.25,4.33
2009-2010,2,2009-08-15,Lyon,Valenciennes,9,16,1,0,1,0,2,2,0,0,0,1,1,3,0,1,0,0,0,1,1,0,H,1,0,H,9,1,5,2,1,3,0,0,1.33,4.5,12.0
2009-2010,2,2009-08-15,Lens,Auxerre,19,14,0,0,0,1,1,4,0,0,0,1,0,1,0,0,1,0,0,1,2,0,H,1,0,H,4,2,3,5,1,1,0,0,2.15,3.0,3.8
2009-2010,2,2009-08-15,Nancy,Monaco,3,8,3,1,0,0,3,1,3,1,0,0,1,0,1,0,0,1,0,0,4,0,H,2,0,H,5,8,2,6,1,2,0,0,2.25,3.0,3.5
2009-2010,2,2009-08-16,Boulogne,Grenoble,20,18,0,0,0,1,0,3,0,0,0,1,0,2,0,0,1,0,0,1,2,1,H,2,0,H,6,2,6,7,2,2,0,0,2.38,3.0,3.25
2009-2010,2,2009-08-16,Marseille,Lille,4,13,3,1,0,0,2,0,0,0,0,1,1,2,1,0,0,0,0,1,1,0,H,1,0,H,4,5,6,2,3,2,0,1,1.73,3.5,5.0
2009-2010,2,2009-08-16,Nice,Rennes,5,2,3,1,0,0,2,0,3,1,0,0,3,0,1,0,0,1,0,0,1,1,D,1,1,D,4,5,5,2,1,0,0,1,2.5,2.9,3.1
2009-2010,3,2009-08-22,St Etienne,Boulogne,20,12,0,0,0,2,1,5,3,1,0,1,2,4,0,0,2,1,0,1,0,1,A,0,1,A,6,2,7,1,0,2,0,1,1.75,3.3,5.25
2009-2010,3,2009-08-22,Valenciennes,Paris SG,18,5,0,0,0,2,1,4,4,1,1,0,4,2,0,0,2,1,1,0,2,3,A,0,1,A,6,10,3,2,1,2,0,0,3.6,3.0,2.2
2009-2010,3,2009-08-22,Rennes,Marseille,4,3,4,1,1,0,4,1,6,2,0,0,3,0,1,1,0,2,0,0,1,1,D,1,0,H,5,5,2,5,1,2,0,0,3.0,3.0,2.5
2009-2010,3,2009-08-22,Le Mans,Nancy,15,1,1,0,1,1,3,5,6,2,0,0,7,1,0,1,1,2,0,0,2,1,H,1,0,H,9,2,6,3,2,3,0,0,2.35,3.0,3.3
2009-2010,3,2009-08-22,Monaco,Lorient,13,7,3,1,0,1,1,4,4,1,1,0,4,3,1,0,1,1,1,0,2,0,H,2,0,H,6,1,4,12,2,2,0,0,2.1,3.0,4.0
2009-2010,3,2009-08-22,Auxerre,Lyon,19,8,0,0,0,2,0,3,4,1,1,0,3,2,0,0,2,1,1,0,0,3,A,0,2,A,5,4,7,7,1,1,0,0,4.0,3.2,2.0
2009-2010,3,2009-08-22,Montpellier,Sochaux,14,10,2,0,2,0,3,3,3,1,0,1,3,3,0,2,0,1,0,1,2,0,H,0,0,D,3,4,5,1,2,4,0,0,2.3,3.0,3.4
2009-2010,3,2009-08-23,Bordeaux,Nice,2,6,6,2,0,0,7,3,4,1,1,0,3,1,2,0,0,1,1,0,4,0,H,1,0,H,6,5,0,1,1,3,0,0,1.5,3.75,7.5
2009-2010,3,2009-08-23,Grenoble,Lens,17,11,0,0,0,2,1,4,3,1,0,1,3,4,0,0,2,1,0,1,1,2,A,1,1,D,8,2,6,2,2,3,0,0,2.45,2.9,3.2
2009-2010,3,2009-08-23,Lille,Toulouse,16,9,0,0,0,2,1,3,3,1,0,1,3,2,0,0,2,1,0,1,1,1,D,1,0,H,5,1,10,2,0,3,0,0,2.0,3.1,4.2
2009-2010,4,2009-08-29,St Etienne,Grenoble,19,18,0,0,0,3,1,6,0,0,0,3,2,6,0,0,3,0,0,3,1,0,H,1,0,H,4,2,6,0,1,2,0,0,1.73,3.3,5.5
2009-2010,4,2009-08-29,Sochaux,Monaco,15,8,3,1,0,2,3,5,6,2,0,1,3,4,1,0,2,2,0,1,1,0,H,1,0,H,3,5,4,6,1,3,0,0,2.2,3.0,3.6
2009-2010,4,2009-08-29,Nice,Montpellier,14,10,4,1,1,1,3,5,5,1,2,0,5,3,1,1,1,1,2,0,0,3,A,0,1,A,4,6,8,2,0,1,1,0,2.0,3.1,4.2
2009-2010,4,2009-08-29,Lyon,Nancy,2,5,7,2,1,0,6,2,6,2,0,1,8,3,2,1,0,2,0,1,3,1,H,1,0,H,4,6,6,6,0,3,0,0,1.36,4.5,10.0
2009-2010,4,2009-08-29,Lens,Rennes,6,9,6,2,0,1,5,5,5,1,2,0,5,2,2,0,1,1,2,0,2,2,D,1,1,D,6,4,5,5,1,3,1,1,2.6,2.9,3.0
2009-2010,4,2009-08-29,Boulogne,Auxerre,7,20,6,2,0,1,3,4,0,0,0,3,0,6,2,0,1,0,0,3,0,0,D,0,0,D,0,1,2,5,0,0,0,0,2.5,2.9,3.1
2009-2010,4,2009-08-29,Lorient,Le Mans,13,12,4,1,1,1,4,5,4,1,1,1,5,6,1,1,1,1,1,1,1,0,H,0,0,D,2,3,5,7,3,2,0,0,2.1,3.1,3.8
2009-2010,4,2009-08-30,Marseille,Bordeaux,4,1,7,2,1,0,4,1,9,3,0,0,11,3,2,1,0,3,0,0,0,0,D,0,0,D,3,5,4,3,2,5,0,0,2.15,3.2,3.5
2009-2010,4,2009-08-30,Paris SG,Lille,3,16,7,2,1,0,7,4,1,0,1,2,2,4,2,1,0,0,1,2,3,0,H,1,0,H,7,6,3,8,0,1,0,0,1.83,3.3,4.75
2009-2010,4,2009-08-30,Toulouse,Valenciennes,11,17,4,1,1,1,4,3,0,0,0,3,3,7,1,1,1,0,0,3,0,1,A,0,0,D,8,2,9,3,1,0,0,0,1.57,3.75,6.5
2009-2010,5,2009-09-12,Montpellier,Lens,4,6,8,2,2,0,8,3,7,2,1,1,7,7,2,2,0,2,1,1,1,0,H,1,0,H,4,1,1,3,3,4,0,0,2.3,3.0,3.4
2009-2010,5,2009-09-12,Nancy,Toulouse,9,13,6,2,0,2,9,6,4,1,1,2,4,4,2,0,2,1,1,2,0,0,D,0,0,D,1,4,1,7,3,3,1,0,2.4,3.0,3.2
2009-2010,5,2009-09-12,Lyon,Lorient,3,7,10,3,1,0,9,3,7,2,1,1,5,5,3,1,0,2,1,1,1,0,H,0,0,D,4,3,4,5,2,2,0,0,1.36,4.5,9.0
2009-2010,5,2009-09-12,Valenciennes,Boulogne,16,8,3,1,0,3,4,7,7,2,1,1,3,4,1,0,3,2,1,1,1,1,D,0,0,D,3,3,10,1,0,1,0,0,2.0,3.2,4.0
2009-2010,5,2009-09-12,Le Mans,Marseille,14,5,4,1,1,2,5,7,8,2,2,0,4,1,1,1,2,2,2,0,1,2,A,0,1,A,1,3,3,3,3,1,0,0,4.2,3.25,1.91
2009-2010,5,2009-09-12,Lille,Sochaux,18,11,1,0,1,3,2,7,6,2,0,2,4,5,0,1,3,2,0,2,1,0,H,0,0,D,3,2,5,4,0,2,0,0,1.75,3.4,5.0
2009-2010,5,2009-09-12,Bordeaux,Grenoble,1,20,10,3,1,0,11,3,0,0,0,4,2,7,3,1,0,0,0,4,1,0,H,1,0,H,3,4,3,6,0,2,0,0,1.29,5.0,12.0
2009-2010,5,2009-09-13,Auxerre,Nice,19,15,1,0,1,3,0,6,4,1,1,2,3,8,0,1,3,1,1,2,2,0,H,1,0,H,3,3,2,5,2,2,0,0,2.2,3.1,3.5
2009-2010,5,2009-09-13,Monaco,Paris SG,12,2,6,2,0,2,3,5,10,3,1,0,10,4,2,0,2,3,1,0,2,0,H,0,0,D,4,6,7,6,1,2,0,1,2.9,3.0,2.6
2009-2010,5,2009-09-13,Rennes,St Etienne,10,17,6,1,3,0,7,4,3,1,0,3,2,6,1,3,0,1,0,3,1,0,H,0,0,D,7,2,3,3,2,2,0,0,1.75,3.4,5.0
2009-2010,6,2009-09-19,St Etienne,Auxerre,19,17,3,1,0,4,2,7,4,1,1,3,2,6,1,0,4,1,1,3,1,1,D,1,0,H,4,4,7,4,2,2,0,0,2.0,3.1,4.2
2009-2010,6,2009-09-19,Nice,Monaco,18,7,4,1,1,3,3,10,9,3,0,2,5,5,1,1,3,3,0,2,1,3,A,1,2,A,3,4,4,1,2,2,0,0,2.63,2.8,3.1
2009-2010,6,2009-09-19,Marseille,Montpellier,4,3,11,3,2,0,6,2,11,3,2,0,9,3,3,2,0,3,2,0,4,2,H,3,0,H,4,4,3,3,0,3,0,0,1.4,4.2,8.5
2009-2010,6,2009-09-19,Sochaux,Valenciennes,12,15,6,2,0,3,4,6,4,1,1,3,5,8,2,0,3,1,1,3,2,5,A,2,1,H,7,7,6,4,1,2,1,0,1.85,3.2,4.75
2009-2010,6,2009-09-19,Grenoble,Rennes,20,6,0,0,0,5,2,8,9,2,3,0,8,4,0,0,5,2,3,0,0,4,A,0,3,A,1,10,6,5,2,2,0,0,3.6,3.0,2.2
2009-2010,6,2009-09-19,Boulogne,Bordeaux,8,1,8,2,2,1,4,5,13,4,1,0,12,3,2,2,1,4,1,0,0,2,A,0,1,A,1,5,6,4,2,2,0,0,5.5,3.5,1.67
2009-2010,6,2009-09-19,Lorient,Nancy,11,9,7,2,1,2,5,6,7,2,1,2,9,6,2,1,2,2,1,2,3,1,H,1,0,H,6,2,5,4,1,2,0,0,2.2,3.0,3.6
2009-2010,6,2009-09-20,Lens,Lille,10,16,7,2,1,2,7,8,4,1,1,3,3,7,2,1,2,1,1,3,1,1,D,0,0,D,2,2,5,5,4,0,0,1,2.6,3.0,2.88
2009-2010,6,2009-09-20,Paris SG,Lyon,5,2,10,3,1,1,10,6,13,4,1,0,10,3,3,1,1,4,1,0,1,1,D,1,0,H,7,5,6,4,1,2,0,0,2.88,3.1,2.55
2009-2010,6,2009-09-20,Toulouse,Le Mans,13,14,5,1,2,2,4,4,4,1,1,3,6,9,1,2,2,1,1,3,2,0,H,1,0,H,7,6,4,11,0,2,0,0,1.75,3.4,5.0
2009-2010,7,2009-09-26,Valenciennes,Marseille,13,3,7,2,1,3,10,10,14,4,2,0,10,4,2,1,2,3,2,0,3,2,H,2,2,D,5,6,4,6,3,2,0,0,4.75,3.3,1.8
2009-2010,7,2009-09-26,Auxerre,Grenoble,16,20,5,1,2,3,3,7,0,0,0,6,2,12,1,2,2,0,0,5,2,0,H,0,0,D,5,4,5,5,0,1,1,1,1.67,3.4,6.0
2009-2010,7,2009-09-26,Lorient,Paris SG,8,6,10,3,1,2,8,7,11,3,2,1,11,7,2,1,2,3,1,1,1,1,D,1,1,D,5,4,1,4,2,2,0,0,3.2,3.0,2.4
2009-2010,7,2009-09-26,Lyon,Toulouse,2,9,14,4,2,0,11,4,8,2,2,2,6,4,4,1,0,2,2,1,2,1,H,0,1,A,10,2,6,5,2,2,0,0,1.44,4.0,8.5
2009-2010,7,2009-09-26,Monaco,St Etienne,5,18,12,4,0,2,8,6,4,1,1,4,3,8,3,0,2,1,1,3,1,2,A,0,1,A,3,2,7,2,2,1,0,0,1.8,3.1,4.6
2009-2010,7,2009-09-26,Montpellier,Boulogne,7,11,11,3,2,1,11,7,8,2,2,2,4,7,3,1,1,2,2,1,1,0,H,0,0,D,2,0,9,3,1,3,0,0,1.7,3.4,5.5
2009-2010,7,2009-09-26,Nancy,Sochaux,12,14,7,2,1,3,10,9,6,2,0,4,6,11,1,1,3,1,0,4,2,1,H,2,0,H,4,4,2,7,2,1,0,0,2.0,3.2,4.0
2009-2010,7,2009-09-27,Lille,Nice,15,19,5,1,2,3,4,8,4,1,1,4,4,13,1,2,2,0,1,4,1,1,D,0,0,D,4,1,7,2,2,2,0,0,1.62,3.6,6.0
2009-2010,7,2009-09-27,Le Mans,Lens,17,10,4,1,1,4,6,11,8,2,2,2,8,9,1,0,4,2,2,1,3,0,H,2,0,H,8,2,5,2,0,0,0,0,2.25,3.1,3.4
2009-2010,7,2009-09-27,Bordeaux,Rennes,1,4,16,5,1,0,14,3,12,3,3,0,12,4,4,1,0,2,3,0,1,0,H,1,0,H,4,2,3,4,2,2,0,0,1.7,3.4,5.5
2009-2010,8,2009-10-03,Grenoble,Montpellier,20,4,0,0,0,7,2,14,14,4,2,1,12,7,0,0,5,4,0,1,2,3,A,0,2,A,7,3,8,8,2,2,0,0,2.9,3.0,2.6
2009-2010,8,2009-10-03,Lens,Lyon,13,2,8,2,2,3,8,12,17,5,2,0,13,5,1,2,2,4,1,0,0,2,A,0,1,A,5,2,2,0,1,2,0,0,5.0,3.4,1.75
2009-2010,8,2009-10-03,Nice,Valenciennes,19,10,5,1,2,4,5,14,10,3,1,3,13,12,0,1,4,3,1,1,3,2,H,0,1,A,7,3,11,1,4,2,0,1,2.3,3.0,3.4
2009-2010,8,2009-10-03,Paris SG,Nancy,6,9,12,3,3,1,12,8,10,3,1,3,12,10,2,2,1,1,1,3,1,1,D,1,1,D,4,3,7,2,1,0,0,0,1.57,3.5,7.0
2009-2010,8,2009-10-03,Rennes,Auxerre,5,12,12,3,3,1,12,5,8,2,2,3,5,7,2,2,1,2,2,1,0,1,A,0,1,A,3,5,6,1,4,5,1,0,1.62,3.5,6.0
2009-2010,8,2009-10-03,Sochaux,Le Mans,18,15,6,2,0,5,7,13,7,2,1,4,9,11,1,0,4,2,0,3,1,0,H,0,0,D,8,2,5,2,2,2,0,1,1.91,3.1,4.6
2009-2010,8,2009-10-03,St Etienne,Bordeaux,16,1,7,2,1,4,5,9,19,6,1,0,15,3,2,1,2,4,1,0,3,1,H,2,0,H,4,2,3,5,3,2,0,0,4.0,3.2,2.0
2009-2010,8,2009-10-04,Toulouse,Lorient,11,8,8,2,2,3,7,6,11,3,2,2,9,8,1,2,2,2,1,2,0,1,A,0,0,D,5,2,6,3,2,1,0,0,1.85,3.2,4.75
2009-2010,8,2009-10-04,Boulogne,Lille,14,17,8,2,2,3,4,8,6,1,3,3,5,9,1,2,2,1,3,1,2,3,A,2,1,H,5,5,6,11,3,1,0,0,3.75,3.1,2.1
2009-2010,8,2009-10-04,Marseille,Monaco,3,7,14,4,2,1,12,7,12,4,0,3,9,8,2,2,1,3,0,2,1,2,A,0,2,A,6,3,10,8,2,3,0,0,1.53,3.75,7.0
2009-2010,9,2009-10-17,Valenciennes,Grenoble,11,20,10,3,1,4,15,15,0,0,0,8,4,17,3,1,1,0,0,5,2,0,H,2,0,H,6,1,5,5,1,2,0,0,1.57,3.6,6.5
2009-2010,9,2009-10-17,Nancy,Marseille,9,5,11,3,2,3,13,11,14,4,2,2,13,9,1,2,2,2,1,2,0,3,A,0,1,A,1,9,4,7,2,2,0,0,3.8,3.2,2.05
2009-2010,9,2009-10-17,Montpellier,St Etienne,3,12,17,5,2,1,15,9,10,3,1,4,8,10,4,0,1,3,1,1,2,1,H,0,0,D,6,4,9,2,1,1,0,1,2.2,3.1,3.5
2009-2010,9,2009-10-17,Auxerre,Bordeaux,10,2,11,3,2,3,6,7,19,6,1,1,16,6,3,2,0,3,1,1,1,0,H,0,0,D,2,3,3,5,2,1,0,0,3.8,3.2,2.05
2009-2010,9,2009-10-17,Lille,Rennes,13,8,9,2,3,3,8,11,12,3,3,2,12,6,2,2,1,2,1,2,0,0,D,0,0,D,3,5,5,1,2,1,0,0,2.1,3.1,3.75
2009-2010,9,2009-10-17,Le Mans,Boulogne,19,16,7,2,1,5,9,12,8,2,2,4,6,11,1,0,4,0,2,3,1,1,D,0,0,D,7,2,5,2,2,2,0,0,1.7,3.4,5.5
2009-2010,9,2009-10-17,Lyon,Sochaux,1,14,20,6,2,0,15,5,9,3,0,5,8,13,4,1,0,2,0,3,0,2,A,0,1,A,1,3,3,5,0,2,0,0,1.3,5.0,11.0
2009-2010,9,2009-10-18,Monaco,Lens,4,17,15,5,0,3,11,9,8,2,2,4,8,14,3,0,2,0,2,3,2,0,H,1,0,H,7,4,5,3,3,1,0,0,1.73,3.3,5.5
2009-2010,9,2009-10-18,Lorient,Nice,6,18,14,4,2,2,10,8,8,2,2,4,8,16,3,1,1,1,1,3,4,1,H,1,0,H,7,1,10,0,1,1,0,1,1.91,3.2,4.33
2009-2010,9,2009-10-18,Toulouse,Paris SG,15,7,8,2,2,4,7,7,13,3,4,1,13,9,1,1,3,1,3,1,1,0,H,0,0,D,4,3,5,4,2,2,0,0,2.6,3.0,2.88
2009-2010,10,2009-10-24,Rennes,Montpellier,8,2,13,3,4,2,12,6,20,6,2,1,17,10,2,1,2,4,0,1,3,0,H,1,0,H,6,3,0,1,0,4,0,0,1.8,3.4,4.75
2009-2010,10,2009-10-24,Sochaux,Lorient,11,6,12,4,0,5,10,13,17,5,2,2,14,9,2,0,3,3,1,1,1,0,H,1,0,H,5,5,5,2,2,1,0,0,2.1,3.1,3.75
2009-2010,10,2009-10-24,Nice,Lyon,19,1,8,2,2,5,9,20,20,6,2,1,15,7,1,1,3,3,1,1,4,1,H,2,0,H,4,5,2,5,1,3,0,0,5.25,3.5,1.7
2009-2010,10,2009-10-24,St Etienne,Valenciennes,14,10,10,3,1,5,9,12,13,4,1,4,17,15,2,1,2,3,1,1,0,2,A,0,1,A,7,4,10,3,2,2,0,0,1.8,3.4,4.75
2009-2010,10,2009-10-24,Boulogne,Monaco,16,4,9,2,3,4,7,12,18,6,0,3,13,9,0,2,3,4,0,1,1,3,A,0,1,A,2,9,4,4,1,4,1,0,4.33,3.0,2.0
2009-2010,10,2009-10-24,Bordeaux,Le Mans,3,17,19,6,1,2,16,7,8,2,2,5,10,13,3,0,2,1,1,3,3,0,H,1,0,H,4,3,8,3,1,2,0,0,1.33,4.5,11.0
2009-2010,10,2009-10-24,Grenoble,Nancy,20,13,0,0,0,9,4,19,11,3,2,4,13,14,0,0,5,1,2,2,1,2,A,0,0,D,5,2,7,3,2,2,0,0,3.6,3.1,2.15
2009-2010,10,2009-10-25,Auxerre,Lille,7,15,14,4,2,3,7,7,10,2,4,3,8,11,4,1,0,2,3,0,3,2,H,1,2,A,8,4,6,5,2,1,0,0,2.63,2.88,3.0
2009-2010,10,2009-10-25,Lens,Toulouse,18,12,8,2,2,5,8,16,11,3,2,4,8,7,0,1,4,2,1,2,0,2,A,0,1,A,4,4,3,8,2,3,0,0,2.63,2.88,3.0
2009-2010,10,2009-10-31,Marseille,Toulouse,5,12,17,5,2,2,16,9,11,3,2,4,8,7,3,0,2,2,1,2,1,1,D,0,1,A,8,3,11,4,3,3,0,1,1.6,3.5,6.5
2009-2010,11,2009-10-31,Lens,Lorient,19,6,8,2,2,6,8,18,17,5,2,3,14,10,0,1,4,3,1,1,1,1,D,0,1,A,6,2,6,4,0,3,0,0,2.5,2.9,3.1
2009-2010,11,2009-10-31,Grenoble,Lille,20,15,0,0,0,10,5,21,10,2,4,4,10,14,0,0,5,1,3,1,0,2,A,0,1,A,5,4,2,4,2,1,1,0,5.0,3.25,1.8
2009-2010,11,2009-10-31,St Etienne,Lyon,16,4,10,3,1,6,9,14,20,6,2,2,16,11,2,1,2,2,1,2,0,1,A,0,0,D,4,8,4,6,3,3,0,0,4.0,3.2,2.0
2009-2010,11,2009-10-31,Bordeaux,Monaco,1,2,22,7,1,2,19,7,21,7,0,3,16,10,3,0,2,4,0,1,1,0,H,0,0,D,8,3,8,8,1,3,0,0,1.67,3.4,6.0
2009-2010,11,2009-10-31,Auxerre,Montpellier,7,5,17,5,2,3,10,9,20,6,2,2,17,13,4,1,0,3,0,2,2,1,H,2,0,H,4,7,2,8,1,1,0,1,2.1,3.1,3.75
2009-2010,11,2009-10-31,Boulogne,Nancy,17,12,9,2,3,5,8,15,14,4,2,4,15,15,0,1,4,2,1,2,1,2,A,1,1,D,4,5,3,2,3,1,0,1,3.0,2.9,2.6
2009-2010,11,2009-11-01,Nice,Le Mans,14,18,11,3,2,5,13,21,8,2,2,6,10,16,2,1,2,1,1,3,1,0,H,1,0,H,7,2,7,1,2,1,0,1,2.0,3.2,4.0
2009-2010,11,2009-11-01,Rennes,Valenciennes,8,9,16,4,4,2,15,6,16,5,1,4,19,15,2,1,2,4,0,1,0,3,A,0,0,D,2,4,3,2,3,2,0,0,1.67,3.4,6.0
2009-2010,11,2009-11-01,Sochaux,Paris SG,10,13,15,5,0,5,11,13,13,3,4,3,13,11,3,0,2,0,3,2,1,4,A,0,1,A,3,11,7,3,1,1,0,0,2.75,3.0,2.75
2009-2010,11,2009-11-07,Valenciennes,Montpellier,9,5,16,5,1,4,19,15,20,6,2,2,17,13,4,0,1,3,0,2,1,1,D,0,1,A,1,1,5,2,2,4,0,0,2.2,3.1,3.5
2009-2010,12,2009-11-07,Le Mans,Auxerre,15,6,11,3,2,6,11,16,18,5,3,3,10,9,2,1,2,4,1,0,0,1,A,0,0,D,2,3,1,1,3,1,0,0,2.65,2.9,2.9
2009-2010,12,2009-11-07,Lorient,Boulogne,9,18,17,5,2,4,15,12,9,2,3,6,8,17,2,1,2,0,1,4,5,0,H,2,0,H,10,3,4,6,0,0,0,0,1.53,3.8,6.5
2009-2010,12,2009-11-07,Monaco,Grenoble,2,20,24,8,0,3,17,10,0,0,0,11,5,22,4,0,1,0,0,5,0,0,D,0,0,D,3,2,6,0,0,1,0,0,1.33,4.75,10.0
2009-2010,12,2009-11-07,Nancy,St Etienne,10,17,17,5,2,4,17,15,10,3,1,7,9,18,3,1,1,2,0,3,0,1,A,0,0,D,5,2,8,4,1,1,0,0,2.1,3.1,3.75
2009-2010,12,2009-11-07,Paris SG,Nice,13,16,14,3,5,3,14,12,11,3,2,6,13,23,0,3,2,2,1,2,0,1,A,0,0,D,4,4,3,5,1,2,0,0,1.7,3.5,5.25
2009-2010,12,2009-11-07,Sochaux,Lens,12,19,15,5,0,6,11,15,9,2,3,6,9,19,3,0,2,0,1,4,1,2,A,0,1,A,6,3,6,7,0,0,0,0,1.95,3.2,4.2
2009-2010,12,2009-11-08,Toulouse,Rennes,7,11,17,5,2,4,12,7,16,4,4,3,15,7,3,0,2,1,1,3,3,2,H,1,1,D,3,5,5,6,0,0,0,0,2.3,3.0,3.4
2009-2010,12,2009-11-08,Lille,Bordeaux,14,1,13,3,4,4,14,14,25,8,1,2,20,7,2,2,1,3,0,2,2,0,H,0,0,D,6,2,6,4,1,2,0,0,2.7,3.0,2.75
2009-2010,12,2009-11-08,Lyon,Marseille,4,3,23,7,2,2,18,11,23,7,2,2,19,10,3,0,2,3,0,2,5,5,D,2,2,D,7,7,5,4,4,2,0,0,2.05,3.2,3.75
2009-2010,12,2009-11-20,Marseille,Paris SG,3,13,23,7,2,2,19,10,14,3,5,3,14,12,3,0,2,0,3,2,1,0,H,1,0,H,6,1,6,4,2,1,0,0,1.73,3.5,5.0
2009-2010,13,2009-11-21,Auxerre,Monaco,5,4,21,6,3,3,12,10,24,8,0,4,17,11,4,1,0,4,0,1,2,0,H,1,0,H,5,2,5,4,1,4,0,0,2.3,3.0,3.4
2009-2010,13,2009-11-21,Bordeaux,Valenciennes,1,6,28,9,1,2,21,7,20,6,2,4,22,15,3,0,2,3,1,1,0,1,A,0,1,A,7,3,9,1,2,3,0,0,1.4,4.2,9.0
2009-2010,13,2009-11-21,Grenoble,Lyon,20,2,0,0,0,12,5,24,26,8,2,2,19,11,0,0,5,3,0,2,1,1,D,0,0,D,5,2,5,4,1,2,1,0,8.0,4.0,1.44
2009-2010,13,2009-11-21,Lens,Nancy,17,7,10,2,4,6,10,20,20,6,2,4,19,16,0,2,3,3,1,1,2,1,H,0,0,D,7,4,7,5,2,2,0,0,2.5,2.9,3.1
2009-2010,13,2009-11-21,Rennes,Le Mans,12,16,16,4,4,4,15,10,11,3,2,7,11,17,1,1,3,1,1,3,2,1,H,1,0,H,6,5,2,4,2,1,0,0,1.44,4.0,8.0
2009-2010,13,2009-11-22,St Etienne,Lorient,18,10,10,3,1,8,9,19,18,5,3,4,16,13,1,0,4,2,1,2,0,2,A,0,2,A,3,6,10,3,1,0,0,0,2.2,3.1,3.5
2009-2010,13,2009-11-22,Montpellier,Lille,8,13,20,6,2,4,18,16,16,4,4,4,16,14,2,0,3,3,1,1,2,0,H,0,0,D,5,2,7,6,2,4,0,0,2.75,3.0,2.7
2009-2010,13,2009-11-22,Nice,Toulouse,15,9,14,4,2,6,14,23,18,5,3,4,13,8,3,0,2,3,1,1,1,0,H,0,0,D,2,5,6,5,2,1,0,0,2.4,3.0,3.2
2009-2010,13,2009-11-28,Toulouse,Boulogne,9,19,18,5,3,4,13,8,9,2,3,7,9,19,3,1,1,0,1,4,1,0,H,1,0,H,5,4,3,6,0,2,0,0,1.4,4.2,8.5
2009-2010,13,2009-11-28,Sochaux,Nice,14,15,15,5,0,7,12,19,14,4,2,6,14,23,3,0,2,3,0,2,1,0,H,1,0,H,4,8,1,6,4,3,0,0,2.2,3.0,3.6
2009-2010,14,2009-11-28,Paris SG,Auxerre,12,5,17,4,5,4,18,14,24,7,3,3,13,10,1,1,3,4,1,0,1,0,H,0,0,D,5,4,7,5,2,3,0,0,1.85,3.2,4.75
2009-2010,14,2009-11-28,Lens,Marseille,16,3,13,3,4,6,12,21,25,7,4,2,25,16,1,2,2,3,2,0,1,0,H,0,0,D,3,5,4,8,2,2,0,0,4.2,3.1,2.0
2009-2010,14,2009-11-28,Lille,Valenciennes,11,7,19,5,4,4,18,14,21,6,3,4,23,16,3,1,1,3,2,0,4,0,H,1,0,H,5,2,6,0,2,4,0,0,1.67,3.5,5.5
2009-2010,14,2009-11-28,Lorient,Grenoble,6,20,21,6,3,4,21,13,1,0,1,12,5,24,2,1,2,0,1,4,2,2,D,1,0,H,2,6,3,3,1,1,0,0,1.5,3.75,7.5
2009-2010,14,2009-11-29,Nancy,Bordeaux,10,1,20,6,2,5,19,17,28,9,1,3,21,9,3,0,2,3,0,2,0,3,A,0,1,A,3,8,1,2,0,0,0,0,3.75,3.2,2.05
2009-2010,14,2009-11-29,Le Mans,St Etienne,18,17,11,3,2,8,11,18,13,4,1,8,10,19,1,1,3,1,0,4,1,1,D,0,1,A,6,2,7,5,2,2,0,0,2.3,3.0,3.4
2009-2010,14,2009-11-29,Lyon,Rennes,2,14,27,8,3,2,24,16,16,4,4,5,17,13,2,1,2,1,1,3,1,1,D,1,1,D,5,5,7,3,1,3,0,0,1.55,3.7,6.5
2009-2010,14,2009-12-02,Boulogne,Paris SG,19,12,9,2,3,8,9,24,17,4,5,4,18,14,0,1,4,1,1,3,2,5,A,1,0,H,3,8,1,4,1,1,0,0,5.0,3.3,1.75
2009-2010,14,2009-12-05,St Etienne,Sochaux,17,15,13,4,1,8,10,19,15,5,0,8,13,21,1,0,4,2,0,3,0,0,D,0,0,D,4,5,9,2,0,2,0,0,2.1,3.1,3.75
2009-2010,14,2009-12-05,Rennes,Lorient,14,6,16,4,4,5,17,13,21,6,3,4,21,13,1,1,3,2,1,2,1,0,H,1,0,H,11,0,6,7,1,2,0,0,1.91,3.2,4.33
2009-2010,15,2009-12-05,Valenciennes,Monaco,7,5,24,7,3,4,24,16,25,8,1,5,17,13,3,2,0,2,1,2,3,1,H,1,0,H,7,6,5,5,3,2,0,0,2.2,3.1,3.5
2009-2010,15,2009-12-05,Montpellier,Le Mans,8,18,24,7,3,4,21,17,11,3,2,9,12,20,1,1,3,1,0,4,2,1,H,1,0,H,8,3,6,2,3,3,0,1,1.75,3.4,5.0
2009-2010,15,2009-12-05,Bordeaux,Paris SG,2,10,28,9,1,4,21,10,20,5,5,4,23,16,3,0,2,2,1,2,1,0,H,1,0,H,4,1,4,2,2,1,0,0,1.67,3.4,6.0
2009-2010,15,2009-12-05,Nice,Marseille,12,1,20,6,2,6,16,23,28,8,4,2,28,16,4,0,1,3,2,0,1,3,A,1,1,D,1,5,7,2,3,2,1,0,3.6,3.2,2.1
2009-2010,15,2009-12-06,Auxerre,Nancy,4,11,27,8,3,3,15,10,20,6,2,6,20,19,4,1,0,3,0,2,1,3,A,1,1,D,5,4,7,2,4,4,0,1,1.83,3.3,4.75
2009-2010,15,2009-12-06,Boulogne,Lens,19,15,9,2,3,9,11,29,16,4,4,6,14,22,0,0,5,2,2,1,2,1,H,2,1,H,3,3,1,7,4,2,1,0,2.88,3.1,2.55
2009-2010,15,2009-12-06,Grenoble,Toulouse,20,9,2,0,2,12,6,25,21,6,3,5,16,11,0,2,3,3,1,1,1,0,H,0,0,D,6,7,4,10,1,1,0,0,3.75,3.1,2.1
2009-2010,15,2009-12-06,Lille,Lyon,14,3,19,5,4,5,18,16,28,8,4,2,25,17,3,0,2,2,2,1,4,3,H,1,3,A,14,3,9,2,3,5,0,0,3.1,3.1,2.4
2009-2010,15,2009-12-10,Lille,St Etienne,14,17,19,5,4,5,18,16,13,4,1,9,10,21,3,0,2,1,0,4,4,0,H,1,0,H,5,2,9,4,0,2,0,1,1.62,3.5,6.25
2009-2010,15,2009-12-10,Toulouse,Sochaux,9,16,21,6,3,5,16,11,15,5,0,9,13,24,3,1,1,1,0,4,2,0,H,0,0,D,5,3,2,4,1,1,0,0,1.75,3.4,5.0
2009-2010,16,2009-12-12,Nancy,Rennes,13,12,20,6,2,7,20,22,20,5,5,5,20,15,2,0,3,1,1,3,1,2,A,1,0,H,7,2,9,4,1,0,1,0,2.63,2.88,3.0
2009-2010,16,2009-12-12,Marseille,Boulogne,3,19,28,8,4,3,28,17,9,2,3,10,11,30,2,2,1,0,0,5,2,0,H,0,0,D,8,1,3,1,0,1,0,1,1.25,5.25,13.0
2009-2010,16,2009-12-12,Lorient,Auxerre,6,5,25,7,4,4,25,15,27,8,3,4,15,11,2,2,1,3,1,1,0,0,D,0,0,D,6,4,7,2,0,2,0,0,2.1,3.1,3.75
2009-2010,16,2009-12-12,Lens,Nice,15,14,19,5,4,6,15,22,20,6,2,7,16,24,3,2,0,3,0,2,2,0,H,2,0,H,9,4,6,6,1,3,0,1,2.25,3.0,3.5
2009-2010,16,2009-12-12,Le Mans,Valenciennes,18,8,12,3,3,9,13,21,24,7,3,5,24,20,1,1,3,2,2,1,2,1,H,1,1,D,4,4,6,1,4,3,1,0,2.6,3.0,2.88
2009-2010,16,2009-12-13,Lyon,Bordeaux,2,1,29,8,5,2,26,18,31,10,1,4,24,10,2,3,0,3,0,2,0,1,A,0,0,D,3,3,1,3,4,1,0,0,2.25,3.1,3.4
2009-2010,16,2009-12-13,Monaco,Lille,4,11,28,9,1,5,21,13,22,6,4,5,22,16,2,1,2,4,0,1,0,4,A,0,1,A,4,8,5,5,3,1,1,0,2.63,3.0,2.88
2009-2010,16,2009-12-13,Paris SG,St Etienne,10,17,23,6,5,4,24,16,14,4,2,9,11,22,3,1,1,1,1,3,3,0,H,3,0,H,10,2,9,1,2,3,0,0,1.67,3.5,5.5
2009-2010,16,2009-12-13,Sochaux,Grenoble,16,20,18,6,0,9,14,24,3,0,3,12,8,27,1,0,4,0,3,2,1,0,H,1,0,H,6,5,8,8,2,3,0,0,1.8,3.3,5.0
2009-2010,16,2009-12-13,Toulouse,Montpellier,7,9,24,7,3,5,17,11,24,7,3,5,21,21,3,1,1,1,1,3,0,1,A,0,1,A,3,1,2,1,1,2,0,0,1.91,3.2,4.33
2009-2010,17,2009-12-15,Valenciennes,Auxerre,5,6,27,8,3,5,27,21,27,8,3,5,16,14,3,1,1,3,0,2,0,0,D,0,0,D,2,2,6,6,1,1,0,0,2.1,3.1,3.75
2009-2010,17,2009-12-16,Paris SG,Lens,11,15,23,6,5,5,24,17,19,5,4,7,16,24,3,0,2,3,1,1,1,1,D,0,0,D,3,1,5,2,4,2,0,0,1.57,3.6,6.5
2009-2010,17,2009-12-16,Montpellier,Bordeaux,7,1,27,8,3,5,23,22,34,11,1,4,25,10,2,1,2,3,0,2,0,1,A,0,0,D,3,2,3,1,4,3,0,0,3.75,3.1,2.1
2009-2010,17,2009-12-16,Monaco,Rennes,4,12,28,9,1,6,22,16,23,6,5,5,21,15,1,1,3,2,1,2,1,0,H,1,0,H,4,4,1,8,1,1,0,0,2.75,3.0,2.7
2009-2010,17,2009-12-16,Nancy,Nice,13,14,23,7,2,7,23,23,20,6,2,8,17,27,2,0,3,3,0,2,2,0,H,0,0,D,8,1,4,4,0,2,0,0,2.1,3.1,3.75
2009-2010,17,2009-12-16,Lorient,Marseille,8,2,25,7,4,5,25,16,31,9,4,3,31,18,2,2,1,2,2,1,1,2,A,0,0,D,3,3,5,3,2,1,0,0,3.6,3.2,2.1
2009-2010,17,2009-12-16,Le Mans,Grenoble,18,20,12,3,3,10,14,23,6,1,3,12,9,27,0,1,4,1,3,1,1,0,H,1,0,H,6,4,0,6,2,1,0,0,2.0,3.1,4.2
2009-2010,17,2009-12-16,Lyon,Boulogne,3,19,29,8,5,3,29,22,12,3,3,10,13,31,1,3,1,1,0,4,2,0,H,0,0,D,6,3,12,3,1,4,0,0,1.17,6.5,19.0
2009-2010,17,2009-12-19,St Etienne,Marseille,17,2,15,4,3,9,11,22,31,9,4,3,31,18,1,2,2,2,2,1,0,0,D,0,0,D,2,8,3,6,2,1,1,0,4.33,3.4,1.85
2009-2010,17,2009-12-19,Rennes,Paris SG,12,11,23,6,5,5,21,15,23,6,5,5,24,17,2,1,2,3,0,2,1,0,H,1,0,H,6,0,4,2,0,1,0,0,2.2,3.1,3.5
2009-2010,18,2009-12-19,Valenciennes,Lens,8,14,27,8,3,6,28,23,22,6,4,7,18,24,2,1,2,4,0,1,0,0,D,0,0,D,6,3,5,6,0,0,0,0,2.0,3.2,4.0
2009-2010,18,2009-12-19,Grenoble,Nice,20,16,6,1,3,13,9,28,20,6,2,9,17,29,1,3,1,2,0,3,1,1,D,0,0,D,6,8,8,3,2,3,0,0,2.6,3.0,2.88
2009-2010,18,2009-12-19,Bordeaux,Lorient,1,10,37,12,1,4,26,10,26,7,5,5,25,16,3,0,2,2,2,1,4,1,H,2,0,H,9,2,6,4,1,0,0,0,1.44,4.0,8.0
2009-2010,18,2009-12-19,Montpellier,Nancy,3,13,30,9,3,5,24,22,23,7,2,8,24,25,3,1,1,1,0,4,0,2,A,0,2,A,5,4,2,4,0,1,0,0,1.83,3.3,4.75
2009-2010,18,2009-12-20,Auxerre,Toulouse,7,12,28,8,4,5,16,14,24,7,3,7,17,13,2,1,2,2,0,3,1,1,D,0,1,A,5,5,8,2,1,4,0,1,2.1,3.1,3.75
2009-2010,18,2009-12-20,Lille,Le Mans,5,17,28,8,4,5,30,19,15,4,3,10,16,24,4,0,1,1,1,3,3,0,H,3,0,H,8,1,4,3,1,2,0,0,1.36,4.33,10.0
2009-2010,18,2009-12-20,Monaco,Lyon,6,4,28,9,1,7,22,20,29,8,5,4,29,23,1,1,3,0,3,2,1,1,D,1,1,D,6,5,7,5,2,4,0,0,3.5,3.1,2.2
2009-2010,18,2009-12-22,Lens,St Etienne,14,18,22,6,4,7,18,24,15,4,3,10,11,25,4,0,1,1,2,2,1,0,H,0,0,D,9,1,4,4,0,2,0,0,2.0,3.2,4.0
2009-2010,18,2009-12-23,Paris SG,Grenoble,9,20,26,7,5,5,27,17,6,1,3,13,9,28,3,0,2,1,3,1,4,0,H,2,0,H,6,7,0,7,2,1,0,0,1.44,4.0,8.0
2009-2010,18,2009-12-23,Toulouse,Bordeaux,12,1,24,7,3,7,17,13,37,12,1,4,26,10,2,0,3,3,0,2,1,2,A,1,1,D,5,5,3,3,2,2,1,0,3.5,3.1,2.2
2009-2010,19,2009-12-23,Sochaux,Rennes,15,6,23,7,2,9,15,24,29,8,5,5,24,16,2,2,1,4,1,0,2,0,H,1,0,H,6,2,11,6,0,4,0,1,2.75,3.0,2.7
2009-2010,19,2009-12-23,Nice,Boulogne,16,19,21,6,3,9,18,30,13,3,4,11,13,33,1,1,3,1,1,3,2,2,D,0,0,D,6,6,9,4,2,1,0,0,1.62,3.6,6.0
2009-2010,19,2009-12-23,Le Mans,Monaco,18,7,15,4,3,11,16,27,29,9,2,7,23,21,1,1,3,1,1,3,1,1,D,1,0,H,3,5,8,3,1,4,0,0,2.5,3.0,3.0
2009-2010,19,2009-12-23,Marseille,Auxerre,2,8,35,10,5,3,33,18,29,8,5,5,17,15,3,1,1,1,2,2,0,2,A,0,1,A,4,2,5,1,2,2,0,0,1.44,4.0,8.5
2009-2010,19,2009-12-23,Lyon,Montpellier,4,5,30,8,6,4,30,24,30,9,3,6,24,24,0,3,2,3,0,2,1,2,A,0,0,D,2,3,6,6,3,3,0,0,1.53,3.75,7.0
2009-2010,19,2009-12-23,Lorient,Valenciennes,11,9,26,7,5,6,26,20,28,8,4,6,28,23,1,2,2,2,1,2,3,2,H,1,2,A,6,6,3,7,1,3,0,0,2.0,3.2,4.0
2009-2010,19,2009-12-23,Nancy,Lille,12,3,26,8,2,8,26,25,31,9,4,5,33,19,2,0,3,4,0,1,0,4,A,0,1,A,1,6,7,10,1,2,1,0,3.75,3.1,2.1
2009-2010,19,2010-01-13,Boulogne,Sochaux,19,15,13,3,4,11,13,33,23,7,2,9,15,24,1,1,3,2,2,1,0,0,D,0,0,D,2,2,4,2,0,1,0,0,3.0,3.0,2.38
2009-2010,19,2010-01-13,Monaco,Montpellier,7,5,29,9,2,7,23,21,30,9,3,6,24,24,1,1,3,3,0,2,4,0,H,1,0,H,8,2,9,2,1,2,0,1,2.3,3.0,3.1
2009-2010,19,2010-01-16,Nancy,Lyon,12,4,26,8,2,8,26,25,30,8,6,4,30,24,2,0,3,0,3,2,0,2,A,0,0,D,5,3,5,7,1,2,0,0,4.33,3.25,1.91
2009-2010,20,2010-01-16,Valenciennes,Toulouse,11,15,28,8,4,7,30,26,25,7,4,8,19,16,1,1,3,1,1,3,1,3,A,1,1,D,3,5,2,2,1,4,0,0,2.15,3.1,3.6
2009-2010,20,2010-01-16,Rennes,Lens,10,13,29,8,5,6,24,18,26,7,5,7,19,24,3,1,1,3,1,1,1,1,D,0,0,D,4,6,3,11,1,1,0,1,1.75,3.4,5.0
2009-2010,20,2010-01-16,Montpellier,Nice,4,16,33,10,3,6,26,25,22,6,4,9,20,32,3,0,2,0,2,3,1,0,H,0,0,D,8,0,2,2,1,4,0,0,1.75,3.4,5.0
2009-2010,20,2010-01-16,Auxerre,Boulogne,5,19,32,9,5,5,19,15,14,3,5,11,15,35,1,2,2,1,2,2,0,0,D,0,0,D,4,0,6,1,1,3,0,0,1.44,4.0,8.0
2009-2010,20,2010-01-16,Lille,Paris SG,3,8,34,10,4,5,37,19,29,8,5,6,31,18,5,0,0,3,0,2,3,1,H,1,0,H,8,2,8,2,3,2,0,0,1.91,3.25,4.2
2009-2010,20,2010-01-16,Grenoble,St Etienne,20,18,7,1,4,14,10,33,16,4,4,11,11,26,1,2,2,0,3,2,1,2,A,1,2,A,4,4,6,4,0,1,0,0,2.5,3.0,3.0
2009-2010,20,2010-01-16,Monaco,Sochaux,7,14,30,9,3,7,24,22,26,8,2,9,17,24,1,2,2,3,2,0,2,0,H,0,0,D,8,3,5,5,1,3,0,0,2.0,3.2,4.0
2009-2010,20,2010-01-16,Le Mans,Lorient,17,9,16,4,4,11,17,28,29,8,5,6,29,22,1,2,2,1,2,2,0,3,A,0,2,A,5,4,9,1,1,3,0,0,2.38,3.0,3.2
2009-2010,20,2010-01-17,Bordeaux,Marseille,1,2,43,14,1,4,32,12,35,10,5,4,33,20,5,0,0,2,1,2,1,1,D,1,0,H,2,4,6,12,1,3,1,0,2.0,3.2,4.0
2009-2010,20,2010-01-19,St Etienne,Rennes,18,10,16,4,4,11,11,26,29,8,5,6,24,18,0,3,2,3,1,1,0,0,D,0,0,D,2,2,7,6,0,0,0,0,2.88,3.0,2.6
2009-2010,21,2010-01-20,Boulogne,Valenciennes,19,12,15,3,6,11,15,35,28,8,4,8,31,29,1,3,1,1,1,3,0,2,A,0,0,D,4,5,7,5,0,1,0,0,3.0,3.1,2.45
2009-2010,21,2010-01-20,Grenoble,Bordeaux,20,1,7,1,4,15,11,35,44,14,2,4,33,13,1,1,3,4,1,0,1,3,A,1,0,H,2,5,5,4,0,4,1,0,8.0,4.0,1.44
2009-2010,21,2010-01-20,Lens,Montpellier,13,4,27,7,6,7,20,25,36,11,3,6,27,25,2,2,1,4,0,1,0,1,A,0,0,D,4,5,5,3,1,3,0,0,2.3,3.1,3.2
2009-2010,21,2010-01-20,Lorient,Lyon,8,5,32,9,5,6,32,22,33,9,6,5,33,26,2,1,2,1,1,3,1,3,A,1,0,H,6,6,7,11,1,2,0,0,3.6,3.2,2.1
2009-2010,21,2010-01-20,Marseille,Le Mans,3,18,36,10,6,4,34,21,16,4,4,12,17,31,2,2,1,1,1,3,2,1,H,1,1,D,5,1,7,6,2,3,0,0,1.33,4.75,9.5
2009-2010,21,2010-01-20,Nice,Auxerre,16,7,22,6,4,10,20,33,33,9,6,5,19,15,0,2,3,1,3,1,0,1,A,0,0,D,6,6,2,4,2,2,0,0,2.6,3.0,2.88
2009-2010,21,2010-01-20,Paris SG,Monaco,10,6,29,8,5,7,32,21,33,10,3,7,26,22,2,0,3,1,2,2,0,1,A,0,0,D,9,0,9,2,2,5,0,0,1.8,3.3,4.75
2009-2010,21,2010-01-20,Sochaux,Lille,15,2,26,8,2,10,17,26,37,11,4,5,40,20,2,2,1,5,0,0,2,1,H,2,0,H,4,9,5,11,3,3,0,0,4.2,3.25,1.91
2009-2010,21,2010-01-20,Toulouse,Nancy,11,14,28,8,4,8,22,17,26,8,2,10,26,31,1,1,3,2,0,3,0,0,D,0,0,D,2,3,4,5,2,4,0,0,1.95,3.2,4.2
2009-2010,21,2010-01-30,Rennes,Grenoble,9,20,30,8,6,6,25,19,7,1,4,15,11,35,3,1,1,1,1,3,4,0,H,2,0,H,7,3,4,3,1,3,0,1,1.4,4.2,9.0
2009-2010,22,2010-01-30,Nancy,Lorient,14,8,27,8,3,10,26,31,32,9,5,7,33,25,1,1,3,2,1,2,1,0,H,1,0,H,2,4,11,5,2,0,0,0,2.5,2.9,3.1
2009-2010,22,2010-01-30,Montpellier,Marseille,3,2,39,12,3,6,28,25,39,11,6,4,36,22,4,0,1,2,2,1,2,0,H,0,0,D,2,2,4,5,4,3,0,0,3.5,3.0,2.25
2009-2010,22,2010-01-30,Bordeaux,Boulogne,1,19,47,15,2,4,36,14,15,3,6,12,15,37,4,1,0,0,3,2,0,0,D,0,0,D,4,2,8,2,2,4,0,0,1.17,6.5,17.0
2009-2010,22,2010-01-30,Lille,Lens,4,15,37,11,4,6,41,22,27,7,6,8,20,26,4,0,1,2,2,1,1,0,H,1,0,H,4,1,5,3,1,3,0,0,1.44,4.0,8.0
2009-2010,22,2010-01-30,Le Mans,Toulouse,18,12,16,4,4,13,18,33,29,8,5,8,22,17,1,1,3,1,2,2,1,3,A,0,0,D,6,8,2,3,1,2,0,0,2.7,2.88,2.9
2009-2010,22,2010-01-30,Monaco,Nice,6,16,36,11,3,7,27,22,22,6,4,11,20,34,2,2,1,0,2,3,3,2,H,1,0,H,7,7,3,3,2,1,0,1,1.57,3.6,6.5
2009-2010,22,2010-01-31,Auxerre,St Etienne,7,17,36,10,6,5,20,15,20,5,5,11,13,27,2,3,0,1,2,2,1,0,H,0,0,D,3,3,3,6,0,2,0,0,1.83,3.3,4.75
2009-2010,22,2010-01-31,Lyon,Paris SG,5,11,36,10,6,5,36,27,29,8,5,8,32,22,2,1,2,2,0,3,2,1,H,0,1,A,8,6,11,7,0,2,0,1,1.73,3.4,5.25
2009-2010,22,2010-01-31,Valenciennes,Sochaux,10,13,31,9,4,8,33,29,29,9,2,10,19,27,1,1,3,3,1,1,1,1,D,1,0,H,2,4,3,6,2,1,0,0,2.0,3.1,4.2
2009-2010,22,2010-02-06,Rennes,Bordeaux,9,1,31,8,7,6,25,19,47,15,2,4,36,14,2,2,1,4,1,0,4,2,H,2,0,H,6,6,4,7,3,1,0,0,3.25,2.9,2.4
2009-2010,23,2010-02-06,Sochaux,Nancy,13,12,30,9,3,10,20,28,30,9,3,10,27,31,2,2,1,2,1,2,1,1,D,0,1,A,1,4,5,4,3,2,0,0,2.2,3.0,3.6
2009-2010,23,2010-02-06,Paris SG,Lorient,14,9,29,8,5,9,33,24,32,9,5,8,33,26,1,0,4,2,0,3,0,3,A,0,3,A,8,8,14,4,1,2,0,0,1.83,3.25,4.75
2009-2010,23,2010-02-06,Boulogne,Montpellier,19,2,16,3,7,12,15,37,42,13,3,6,30,25,0,4,1,4,0,1,0,2,A,0,1,A,0,6,4,4,3,1,0,0,3.75,3.0,2.15
2009-2010,23,2010-02-06,Lens,Le Mans,15,18,27,7,6,9,20,27,16,4,4,14,19,36,1,2,2,0,1,4,2,1,H,1,0,H,7,4,1,9,2,3,0,0,1.83,3.25,4.75
2009-2010,23,2010-02-06,Grenoble,Auxerre,20,7,7,1,4,17,12,42,39,11,6,5,21,15,0,1,4,3,2,0,5,0,H,4,0,H,6,3,4,4,3,1,0,0,3.5,3.0,2.25
2009-2010,23,2010-02-06,Nice,Lille,16,3,22,6,4,12,22,37,40,12,4,6,42,22,0,2,3,4,0,1,1,1,D,1,0,H,4,9,2,5,3,3,0,0,4.75,3.25,1.83
2009-2010,23,2010-02-07,Marseille,Valenciennes,4,11,39,11,6,5,36,24,32,9,5,8,34,30,1,2,2,1,2,2,5,1,H,2,0,H,10,2,5,4,1,3,0,0,1.4,4.33,8.0
2009-2010,23,2010-02-07,St Etienne,Monaco,17,6,20,5,5,12,13,28,39,12,3,7,30,24,1,2,2,3,2,0,3,0,H,1,0,H,7,6,6,4,1,1,0,0,2.5,3.0,3.0
2009-2010,23,2010-02-07,Toulouse,Lyon,10,5,32,9,5,8,25,18,39,11,6,5,38,28,2,2,1,3,1,1,0,0,D,0,0,D,4,0,7,6,2,1,0,1,3.5,3.0,2.25
2009-2010,23,2010-02-13,Valenciennes,Nice,11,16,32,9,5,8,34,30,22,6,4,12,22,37,1,2,2,0,2,3,2,1,H,0,0,D,5,1,7,4,1,3,0,0,2.0,3.2,4.0
2009-2010,24,2010-02-13,Nancy,Paris SG,12,15,31,9,4,10,28,32,29,8,5,10,33,27,1,2,2,1,0,4,0,0,D,0,0,D,4,2,0,3,1,1,0,0,2.7,2.9,2.9
2009-2010,24,2010-02-13,Montpellier,Grenoble,2,20,45,14,3,6,32,25,10,2,4,17,17,42,5,0,0,1,0,4,1,0,H,1,0,H,4,2,3,1,0,5,0,0,1.53,3.75,7.0
2009-2010,24,2010-02-13,Monaco,Marseille,6,3,39,12,3,8,30,27,42,12,6,5,41,25,3,1,1,2,1,2,1,2,A,1,1,D,3,5,3,3,3,3,1,0,3.0,3.0,2.5
2009-2010,24,2010-02-13,Lille,Boulogne,4,19,41,12,5,6,43,23,16,3,7,13,15,39,3,1,1,0,3,2,3,1,H,3,1,H,10,2,6,6,1,3,0,0,1.29,4.75,13.0
2009-2010,24,2010-02-13,Le Mans,Sochaux,18,13,16,4,4,15,20,38,31,9,4,10,21,29,0,1,4,2,2,1,0,0,D,0,0,D,3,1,8,1,2,1,0,1,2.38,3.0,3.25
2009-2010,24,2010-02-13,Lyon,Lens,5,14,40,11,7,5,38,28,30,8,6,9,22,28,3,1,1,2,1,2,1,0,H,0,0,D,4,4,6,3,1,2,0,0,1.44,4.0,8.0
2009-2010,24,2010-02-14,Auxerre,Rennes,7,8,39,11,6,6,21,20,37,10,7,6,33,21,3,1,1,2,2,1,1,0,H,1,0,H,4,4,8,2,1,0,0,0,2.5,2.9,3.1
2009-2010,24,2010-02-14,Bordeaux,St Etienne,1,16,48,15,3,5,38,18,23,6,5,12,16,28,2,2,1,2,1,2,3,1,H,2,1,H,11,4,2,7,4,3,0,0,1.4,4.2,9.0
2009-2010,24,2010-02-14,Lorient,Toulouse,9,10,35,10,5,8,36,26,33,9,6,8,25,18,3,0,2,2,2,1,1,1,D,0,0,D,3,6,5,3,0,0,0,0,2.3,3.0,3.4
2009-2010,24,2010-02-20,Paris SG,Toulouse,15,10,29,8,5,10,33,27,33,9,6,8,25,18,1,0,4,2,2,1,1,0,H,1,0,H,6,1,7,7,1,2,0,1,2.0,3.2,4.0
2009-2010,25,2010-02-20,St Etienne,Montpellier,16,2,23,6,5,13,17,31,48,15,3,6,33,25,2,1,2,5,0,0,1,0,H,0,0,D,5,3,2,1,1,2,0,0,2.25,3.2,3.25
2009-2010,25,2010-02-20,Lens,Monaco,15,7,30,8,6,10,22,29,39,12,3,9,31,29,1,1,3,3,0,2,3,0,H,2,0,H,5,6,3,9,0,3,0,0,2.4,3.2,3.0
2009-2010,25,2010-02-20,Boulogne,Le Mans,19,18,16,3,7,14,16,42,17,4,5,15,20,38,0,2,3,0,1,4,1,3,A,0,2,A,5,5,4,5,2,4,0,0,2.4,3.1,3.1
2009-2010,25,2010-02-20,Grenoble,Valenciennes,20,10,10,2,4,18,17,43,35,10,5,9,37,36,1,0,4,2,1,2,0,1,A,0,1,A,6,2,5,3,1,3,0,0,2.5,3.1,2.9
2009-2010,25,2010-02-20,Nice,Lorient,17,9,23,6,5,13,24,40,36,10,6,8,37,27,0,1,4,2,1,2,1,0,H,0,0,D,10,5,7,4,0,0,0,0,2.4,3.1,2.9
2009-2010,25,2010-02-21,Marseille,Nancy,3,12,45,13,6,5,43,26,32,9,5,10,28,32,3,1,1,1,3,1,3,1,H,2,1,H,3,5,7,6,0,0,0,0,1.5,4.0,7.0
2009-2010,25,2010-02-21,Rennes,Lille,8,4,37,10,7,7,33,22,44,13,5,6,46,24,2,2,1,3,1,1,1,2,A,1,1,D,4,6,2,8,1,1,0,0,2.5,3.1,2.9
2009-2010,25,2010-02-21,Sochaux,Lyon,13,5,32,9,5,10,21,29,43,12,7,5,39,28,1,3,1,4,1,0,0,4,A,0,3,A,1,8,5,4,1,1,0,0,3.6,3.25,2.1
2009-2010,25,2010-02-27,Nancy,Grenoble,12,20,32,9,5,10,28,32,10,2,4,18,17,43,1,3,1,1,0,4,0,2,A,0,1,A,0,5,12,3,2,2,0,0,1.73,3.5,5.0
2009-2010,25,2010-02-27,Montpellier,Rennes,2,8,48,15,3,6,33,25,37,10,7,7,33,22,5,0,0,2,2,1,3,1,H,2,0,H,8,2,9,3,0,0,0,2,2.38,3.0,3.25
2009-2010,26,2010-02-27,Valenciennes,St Etienne,8,16,38,11,5,9,38,36,26,7,5,13,18,31,3,1,1,2,1,2,1,0,H,0,0,D,8,2,5,4,2,3,0,0,2.25,3.0,3.5
2009-2010,26,2010-02-27,Lyon,Nice,5,17,46,13,7,5,43,28,26,7,5,13,25,40,4,1,0,1,1,3,2,0,H,1,0,H,1,1,5,3,2,1,0,0,1.33,4.75,10.0
2009-2010,26,2010-02-27,Lorient,Sochaux,10,15,36,10,6,9,37,28,32,9,5,11,21,33,1,1,3,1,3,1,1,0,H,1,0,H,5,1,9,4,1,1,0,0,1.91,3.25,4.2
2009-2010,26,2010-02-27,Monaco,Boulogne,7,19,39,12,3,10,31,32,16,3,7,15,17,45,2,0,3,0,1,4,1,0,H,1,0,H,1,3,8,9,2,3,0,0,1.44,4.0,8.0
2009-2010,26,2010-02-27,Toulouse,Lens,11,13,34,9,7,9,26,20,33,9,6,10,25,29,1,3,1,2,0,3,1,0,H,0,0,D,4,3,11,3,2,3,0,0,2.0,3.2,4.0
2009-2010,26,2010-02-28,Lille,Auxerre,4,6,47,14,5,6,48,25,45,13,6,6,24,21,3,1,1,4,0,1,1,2,A,1,1,D,5,5,4,2,3,6,0,0,1.62,3.6,6.0
2009-2010,26,2010-02-28,Paris SG,Marseille,12,2,33,9,6,10,34,27,48,14,6,5,46,27,1,1,3,4,0,1,0,3,A,0,1,A,4,3,6,5,5,4,0,0,2.88,3.0,2.63
2009-2010,26,2010-03-06,St Etienne,Lille,16,4,26,7,5,13,18,31,47,14,5,6,48,25,2,1,2,3,1,1,1,1,D,1,1,D,8,2,8,4,2,1,0,0,3.4,3.1,2.25
2009-2010,26,2010-03-06,Auxerre,Valenciennes,6,8,45,13,6,6,24,21,38,11,5,9,38,36,4,0,1,3,1,1,1,0,H,1,0,H,4,0,6,3,3,0,0,0,1.91,3.1,4.5
2009-2010,26,2010-03-06,Boulogne,Lyon,19,5,16,3,7,15,17,45,46,13,7,5,43,28,0,1,4,4,1,0,0,0,D,0,0,D,4,4,2,9,4,1,1,0,7.5,4.2,1.44
2009-2010,27,2010-03-06,Lens,Paris SG,13,12,33,9,6,11,25,30,33,9,6,11,34,30,2,0,3,1,1,3,1,1,D,0,0,D,5,5,9,3,1,2,0,0,2.3,3.1,3.3
2009-2010,27,2010-03-06,Nice,Nancy,17,14,26,7,5,14,25,42,32,9,5,12,29,37,1,1,3,1,2,2,2,3,A,2,2,D,5,6,9,3,1,2,0,0,2.25,3.1,3.4
2009-2010,27,2010-03-06,Rennes,Monaco,10,7,37,10,7,9,35,27,42,13,3,10,32,32,2,0,3,2,0,3,1,0,H,1,0,H,2,1,5,2,2,2,0,0,1.85,3.2,4.6
2009-2010,27,2010-03-06,Sochaux,Toulouse,15,11,32,9,5,12,21,34,37,10,7,9,27,20,0,3,2,2,2,1,1,0,H,0,0,D,5,4,6,2,0,1,0,0,2.35,3.1,3.2
2009-2010,27,2010-03-07,Marseille,Lorient,1,9,51,15,6,5,49,27,39,11,6,9,38,28,4,0,1,2,1,2,1,1,D,1,0,H,9,1,8,5,1,4,0,0,1.44,4.2,7.5
2009-2010,27,2010-03-07,Bordeaux,Montpellier,2,3,51,16,3,7,43,23,51,16,3,7,36,27,1,1,3,4,0,1,1,1,D,0,0,D,4,4,5,4,2,4,1,0,1.57,3.6,6.5
2009-2010,27,2010-03-07,Grenoble,Le Mans,20,18,13,3,4,19,19,44,23,6,5,15,25,40,2,0,3,2,1,2,1,1,D,1,0,H,2,5,4,6,2,2,0,0,2.5,3.0,3.0
2009-2010,27,2010-03-10,Bordeaux,Auxerre,2,5,51,16,3,7,43,23,48,14,6,6,26,22,1,1,3,4,0,1,1,2,A,1,0,H,1,3,0,7,0,2,0,0,1.5,3.7,7.5
2009-2010,27,2010-03-13,Le Mans,Nice,18,17,23,6,5,15,25,40,26,7,5,14,25,42,2,1,2,1,1,3,0,1,A,0,0,D,2,3,6,3,3,2,0,0,2.2,3.0,3.6
2009-2010,27,2010-03-13,Lorient,Lens,9,13,39,11,6,9,38,28,33,9,6,11,25,30,2,1,2,2,0,3,1,0,H,0,0,D,3,3,5,3,0,1,0,0,2.0,3.2,4.0
2009-2010,28,2010-03-13,Lyon,St Etienne,5,16,50,14,8,5,45,28,27,7,6,14,19,33,3,2,0,2,1,2,1,1,D,0,1,A,9,4,7,3,0,3,0,0,1.36,4.33,10.0
2009-2010,28,2010-03-13,Monaco,Bordeaux,7,2,42,13,3,11,32,33,52,16,4,7,44,24,1,0,4,1,1,3,0,0,D,0,0,D,2,2,6,5,2,1,0,0,3.5,3.0,2.25
2009-2010,28,2010-03-13,Montpellier,Auxerre,3,4,52,16,4,7,37,28,51,15,6,6,27,22,3,1,1,4,0,1,1,1,D,0,1,A,4,4,4,4,2,1,0,1,2.0,3.1,4.2
2009-2010,28,2010-03-13,Nancy,Boulogne,12,19,35,10,5,12,32,39,17,3,8,16,17,46,1,2,2,0,1,4,1,3,A,1,1,D,6,4,6,6,1,3,0,0,1.67,3.5,5.5
2009-2010,28,2010-03-13,Paris SG,Sochaux,14,13,34,9,7,11,35,31,35,10,5,12,22,34,1,2,2,1,2,2,4,1,H,3,0,H,8,4,5,5,1,1,0,0,1.75,3.3,5.25
2009-2010,28,2010-03-14,Lille,Grenoble,6,20,48,14,6,7,50,28,14,3,5,19,20,45,2,2,1,2,1,2,1,0,H,0,0,D,3,3,5,1,1,5,0,0,1.3,4.75,12.0
2009-2010,28,2010-03-14,Toulouse,Marseille,11,1,37,10,7,10,27,21,52,15,7,5,50,28,1,2,2,4,1,0,1,1,D,1,1,D,6,4,3,3,3,2,0,0,3.6,3.1,2.15
2009-2010,28,2010-03-14,Valenciennes,Rennes,8,10,41,12,5,10,39,37,40,11,7,9,36,27,3,0,2,2,0,3,0,2,A,0,2,A,1,5,4,1,1,1,1,0,2.38,3.0,3.25
2009-2010,28,2010-03-20,Rennes,Toulouse,10,11,40,11,7,9,36,27,37,10,7,10,27,21,2,0,3,1,2,2,4,1,H,2,0,H,6,1,0,9,1,3,0,0,1.91,3.25,4.5
2009-2010,28,2010-03-20,Nice,Paris SG,17,14,26,7,5,15,27,45,34,9,7,11,35,31,1,1,3,1,2,2,1,0,H,0,0,D,3,4,4,12,2,1,0,0,2.5,3.1,2.9
2009-2010,29,2010-03-20,Lens,Sochaux,15,14,34,9,7,12,26,32,35,10,5,13,23,38,1,1,3,1,1,3,0,0,D,0,0,D,7,5,7,7,1,2,0,0,2.0,3.2,4.0
2009-2010,29,2010-03-20,St Etienne,Nancy,17,13,28,7,7,14,20,34,35,10,5,13,33,42,1,2,2,1,1,3,0,0,D,0,0,D,4,1,7,3,0,1,0,0,2.05,3.1,3.8
2009-2010,29,2010-03-20,Boulogne,Lorient,19,7,20,4,8,16,20,47,43,12,7,9,40,29,1,1,3,2,2,1,2,0,H,1,0,H,4,3,2,5,3,2,0,0,3.1,3.0,2.45
2009-2010,29,2010-03-20,Auxerre,Le Mans,4,18,52,15,7,6,28,23,24,6,6,16,26,42,4,1,0,2,2,1,2,1,H,1,0,H,5,4,4,1,2,4,0,0,1.57,3.6,6.5
2009-2010,29,2010-03-20,Grenoble,Monaco,20,9,14,3,5,20,20,46,43,13,4,11,32,33,1,1,3,1,1,3,0,0,D,0,0,D,4,3,7,7,3,2,1,0,2.75,3.1,2.63
2009-2010,29,2010-03-21,Montpellier,Valenciennes,3,10,53,16,5,7,38,29,41,12,5,11,39,39,2,2,1,3,0,2,2,1,H,1,0,H,5,8,5,3,2,2,0,0,1.85,3.25,4.6
2009-2010,29,2010-03-21,Marseille,Lyon,1,6,53,15,8,5,51,29,51,14,9,5,46,29,3,2,0,3,2,0,2,1,H,0,0,D,6,3,3,5,1,1,0,0,2.38,3.1,3.1
2009-2010,29,2010-03-21,Bordeaux,Lille,2,5,53,16,5,7,44,24,51,15,6,7,51,28,1,2,2,3,1,1,3,1,H,1,1,D,14,1,3,1,0,2,0,1,1.85,3.3,4.33
2009-2010,29,2010-03-26,Lyon,Grenoble,6,20,51,14,9,5,46,29,14,3,5,20,20,46,3,2,0,1,1,3,2,0,H,0,0,D,9,3,8,3,1,2,0,1,1.29,5.0,12.0
2009-2010,29,2010-03-28,Le Mans,Rennes,18,8,24,6,6,16,26,42,43,12,7,9,38,27,2,2,1,2,0,3,1,3,A,0,0,D,5,5,3,3,1,0,0,0,3.0,3.0,2.5
2009-2010,30,2010-03-28,Lille,Montpellier,5,3,51,15,6,8,52,31,56,17,5,7,40,30,2,1,2,2,2,1,4,1,H,1,0,H,8,2,5,3,2,5,0,0,1.8,3.4,4.75
2009-2010,30,2010-03-28,Lorient,St Etienne,9,17,43,12,7,10,40,31,29,7,8,14,20,34,2,1,2,1,3,1,4,0,H,2,0,H,8,7,2,3,1,1,0,0,2.05,3.1,4.0
2009-2010,30,2010-03-28,Nancy,Lens,13,15,36,10,6,13,33,42,35,9,8,12,26,32,1,1,3,1,2,2,5,1,H,2,0,H,7,1,3,3,2,4,0,0,2.3,3.1,3.3
2009-2010,30,2010-03-28,Paris SG,Boulogne,12,19,37,10,7,12,39,33,23,5,8,16,22,47,2,1,2,2,1,2,3,0,H,2,0,H,6,0,6,0,0,0,0,1,1.4,4.2,9.0
2009-2010,30,2010-03-28,Toulouse,Nice,11,16,38,10,8,11,29,26,32,9,5,15,29,45,1,1,3,3,0,2,0,2,A,0,1,A,0,4,8,3,4,2,1,0,1.83,3.3,4.75
2009-2010,30,2010-03-29,Monaco,Auxerre,8,4,44,13,5,11,32,33,55,16,7,6,30,24,1,2,2,4,1,0,0,0,D,0,0,D,1,1,5,2,1,1,0,0,2.4,3.0,3.2
2009-2010,30,2010-04-03,Montpellier,Monaco,3,8,56,17,5,7,40,30,44,13,5,11,32,33,2,2,1,1,2,2,0,0,D,0,0,D,6,2,3,2,3,3,0,0,1.8,3.3,4.75
2009-2010,30,2010-04-03,Valenciennes,Lille,10,5,41,12,5,12,40,41,51,15,6,8,52,31,2,0,3,2,1,2,1,0,H,0,0,D,1,3,8,7,2,4,0,0,3.6,3.2,2.1
2009-2010,30,2010-04-03,St Etienne,Le Mans,17,18,29,7,8,14,20,34,24,6,6,17,27,44,1,3,1,2,1,2,2,0,H,0,0,D,9,1,5,4,1,4,1,0,1.8,3.3,4.75
2009-2010,30,2010-04-03,Rennes,Lyon,7,6,46,13,7,9,42,28,51,14,9,6,47,31,3,0,2,2,2,1,1,2,A,1,0,H,3,6,3,5,1,0,0,0,2.65,3.1,2.75
2009-2010,31,2010-04-03,Grenoble,Lorient,20,8,15,3,6,21,20,48,46,13,7,10,44,31,1,2,2,3,1,1,1,2,A,1,1,D,4,7,5,10,1,2,0,0,2.88,3.0,2.63
2009-2010,31,2010-04-03,Bordeaux,Nancy,2,12,56,17,5,8,47,27,39,11,6,13,38,43,1,2,2,2,1,2,1,2,A,1,1,D,2,3,9,4,1,2,0,0,1.45,4.2,7.0
2009-2010,31,2010-04-03,Nice,Sochaux,16,14,35,10,5,15,31,45,36,10,6,14,23,39,3,0,2,1,1,3,0,0,D,0,0,D,4,3,5,5,1,1,0,0,2.05,3.1,3.9
2009-2010,31,2010-04-04,Auxerre,Paris SG,4,11,56,16,8,6,30,24,40,11,7,12,42,33,3,2,0,2,1,2,1,1,D,1,1,D,5,3,5,5,0,3,0,0,2.2,3.0,3.6
2009-2010,31,2010-04-04,Boulogne,Toulouse,19,13,23,5,8,17,22,50,38,10,8,12,29,28,2,1,2,1,1,3,1,1,D,1,0,H,2,5,4,4,2,2,0,0,2.9,3.0,2.6
2009-2010,31,2010-04-04,Marseille,Lens,1,15,59,17,8,5,54,30,35,9,8,13,27,37,3,2,0,0,2,3,1,0,H,1,0,H,3,2,5,6,2,2,1,0,1.36,4.6,9.0
2009-2010,31,2010-04-07,Marseille,Sochaux,1,14,59,17,8,5,54,30,36,10,6,14,23,39,3,2,0,1,1,3,3,0,H,2,0,H,8,1,3,7,2,4,0,0,1.36,4.5,9.0
2009-2010,31,2010-04-10,Sochaux,St Etienne,14,17,36,10,6,14,23,39,29,7,8,15,20,38,1,1,3,0,3,2,0,2,A,0,1,A,4,4,7,6,1,2,0,0,2.2,3.0,3.6
2009-2010,31,2010-04-10,Lorient,Rennes,8,7,46,13,7,10,44,31,49,14,7,9,45,29,3,1,1,4,0,1,1,1,D,1,1,D,5,3,6,9,1,0,0,0,2.5,3.0,3.0
2009-2010,31,2010-04-10,Toulouse,Grenoble,13,20,38,10,8,12,29,28,15,3,6,21,20,48,1,1,3,1,2,2,4,0,H,1,0,H,9,0,5,7,2,1,0,0,1.57,3.6,6.5
2009-2010,32,2010-04-10,Paris SG,Bordeaux,12,5,41,11,8,12,43,34,56,17,5,9,48,29,2,2,1,1,2,2,3,1,H,1,0,H,11,6,4,7,1,2,0,1,3.1,3.1,2.4
2009-2010,32,2010-04-10,Le Mans,Montpellier,18,3,24,6,6,19,28,49,57,17,6,8,41,34,0,1,4,1,3,1,2,2,D,1,2,A,3,4,6,4,2,2,1,1,3.5,3.1,2.2
2009-2010,32,2010-04-10,Lens,Boulogne,16,19,35,9,8,14,27,38,24,5,9,17,23,51,0,2,3,2,2,1,3,0,H,1,0,H,5,3,4,4,1,2,0,0,1.7,3.4,5.5
2009-2010,32,2010-04-10,Monaco,Valenciennes,10,9,46,13,7,11,32,33,47,14,5,12,43,41,0,4,1,2,0,3,2,1,H,0,1,A,3,1,5,4,2,1,0,0,2.1,3.1,3.8
2009-2010,32,2010-04-11,Lyon,Lille,2,6,57,16,9,6,51,32,54,16,6,9,56,33,2,2,1,2,1,2,1,1,D,0,0,D,3,4,9,8,1,4,1,1,1.83,3.4,4.5
2009-2010,32,2010-04-11,Marseille,Nice,1,15,62,18,8,5,55,30,36,10,6,15,31,45,3,2,0,3,1,1,4,1,H,1,0,H,6,2,9,4,0,3,0,0,1.3,5.0,12.0
2009-2010,32,2010-04-11,Nancy,Auxerre,11,4,42,12,6,13,40,44,57,16,9,6,31,25,3,1,1,2,3,0,0,1,A,0,0,D,3,3,3,5,1,1,0,0,2.75,3.0,2.75
2009-2010,32,2010-04-14,Le Mans,Bordeaux,18,5,24,6,6,19,28,49,56,17,5,9,48,29,0,1,4,1,2,2,2,1,H,2,1,H,6,6,7,8,4,2,1,0,6.5,3.8,1.55
2009-2010,32,2010-04-14,Sochaux,Marseille,14,1,37,10,7,14,23,39,62,18,8,5,55,30,1,2,2,3,2,0,0,1,A,0,0,D,4,5,4,2,0,2,0,0,5.25,3.6,1.67
2009-2010,32,2010-04-17,Valenciennes,Le Mans,9,18,47,14,5,12,43,41,24,6,6,19,28,49,2,0,3,0,1,4,0,1,A,0,0,D,4,4,7,1,1,0,0,1,1.67,3.5,5.5
2009-2010,33,2010-04-17,Rennes,Nancy,7,13,50,14,8,10,47,32,42,12,6,14,40,45,3,1,1,2,1,2,0,0,D,0,0,D,5,0,9,2,1,3,0,0,1.67,3.5,5.5
2009-2010,33,2010-04-17,Nice,Lens,16,14,36,10,6,16,32,49,38,10,8,14,30,38,3,1,1,1,1,3,0,0,D,0,0,D,3,2,8,1,0,2,0,0,2.0,3.2,4.0
2009-2010,33,2010-04-17,Bordeaux,Lyon,5,3,56,17,5,10,49,32,58,16,10,6,52,33,1,1,3,2,2,1,2,2,D,1,0,H,4,4,4,7,3,2,2,1,2.15,3.2,3.5
2009-2010,33,2010-04-17,Boulogne,Marseille,19,1,24,5,9,18,23,54,65,19,8,5,59,31,2,1,2,4,1,0,1,2,A,0,1,A,2,5,6,6,3,3,0,0,6.5,4.0,1.5
2009-2010,33,2010-04-17,Auxerre,Lorient,2,8,60,17,9,6,32,25,50,14,8,10,47,33,2,3,0,3,1,1,4,1,H,2,0,H,7,5,4,12,0,2,0,2,1.91,3.3,4.2
2009-2010,33,2010-04-17,Grenoble,Sochaux,20,15,15,3,6,23,21,54,37,10,7,15,23,41,0,1,4,0,2,3,2,2,D,0,1,A,5,3,3,7,0,1,0,0,2.7,3.0,2.75
2009-2010,33,2010-04-18,Montpellier,Toulouse,4,12,58,17,7,8,43,36,42,11,9,12,34,29,1,3,1,1,2,2,1,1,D,1,0,H,4,3,3,3,3,2,0,0,1.73,3.4,5.25
2009-2010,33,2010-04-18,Lille,Monaco,6,9,55,16,7,9,57,34,49,14,7,11,34,34,2,1,2,1,4,0,4,0,H,2,0,H,8,6,8,6,0,2,0,0,1.44,4.2,7.5
2009-2010,33,2010-04-18,St Etienne,Paris SG,17,11,35,9,8,15,24,38,44,12,8,12,46,35,2,2,1,3,1,1,0,0,D,0,0,D,0,1,7,2,2,2,0,0,2.45,3.1,3.0
2009-2010,33,2010-04-24,Paris SG,Rennes,11,7,44,12,8,12,46,35,50,14,8,10,47,32,3,1,1,3,1,1,1,1,D,0,1,A,5,3,11,4,3,0,0,0,2.25,3.1,3.4
2009-2010,34,2010-04-24,Sochaux,Boulogne,15,19,38,10,8,15,25,43,24,5,9,19,24,56,0,3,2,1,1,3,0,3,A,0,1,A,4,6,2,0,0,2,1,0,1.73,3.4,5.25
2009-2010,34,2010-04-24,Nice,Grenoble,16,20,37,10,7,16,32,49,16,3,7,23,23,56,2,2,1,0,2,3,2,1,H,1,1,D,5,7,11,1,0,2,0,0,1.57,3.6,6.5
2009-2010,34,2010-04-24,Lorient,Bordeaux,8,6,50,14,8,11,48,37,57,17,6,10,51,34,2,1,2,1,1,3,1,0,H,0,0,D,1,6,2,4,1,2,0,0,3.75,3.25,2.05
2009-2010,34,2010-04-24,Nancy,Montpellier,13,4,43,12,7,14,40,45,59,17,8,8,44,37,2,2,1,1,3,1,0,0,D,0,0,D,3,3,6,2,1,0,0,0,3.0,3.0,2.5
2009-2010,34,2010-04-24,Le Mans,Lille,18,5,28,7,7,19,31,51,58,17,7,9,61,34,1,1,3,2,1,2,1,2,A,0,1,A,2,5,4,4,4,4,0,0,5.5,3.5,1.67
2009-2010,34,2010-04-25,Lens,Valenciennes,14,10,39,10,9,14,30,38,47,14,5,14,44,44,1,2,2,2,0,3,1,1,D,1,0,H,5,4,3,3,1,3,0,0,2.0,3.1,4.2
2009-2010,34,2010-04-25,Marseille,St Etienne,1,17,68,20,8,5,61,32,36,9,9,15,24,38,5,0,0,2,2,1,1,0,H,1,0,H,5,2,2,2,1,3,0,0,1.25,5.25,13.0
2009-2010,34,2010-04-25,Toulouse,Auxerre,12,2,43,11,10,12,35,30,63,18,9,6,36,26,1,2,2,3,2,0,0,3,A,0,0,D,5,5,12,2,1,0,0,0,2.7,2.9,2.9
2009-2010,34,2010-04-27,Grenoble,Paris SG,20,11,16,3,7,23,23,56,45,12,9,12,46,35,0,2,3,2,2,1,4,0,H,2,0,H,4,2,3,2,0,0,0,0,3.0,3.2,2.4
2009-2010,34,2010-04-27,Monaco,Le Mans,9,18,49,14,7,12,34,38,28,7,7,19,31,51,1,3,1,1,1,3,1,1,D,0,1,A,9,2,8,2,1,4,0,0,1.95,3.3,4.0
2009-2010,35,2010-04-28,Valenciennes,Bordeaux,10,6,48,14,6,14,45,45,57,17,6,11,51,35,2,1,2,0,1,4,2,0,H,1,0,H,4,1,7,3,4,2,0,0,3.75,3.2,2.05
2009-2010,35,2010-04-30,Auxerre,Marseille,2,1,66,19,9,6,39,26,71,21,8,5,62,32,3,2,0,5,0,0,0,0,D,0,0,D,0,1,4,5,1,3,0,0,3.2,3.1,2.38
2009-2010,35,2010-05-02,Valenciennes,Lorient,10,7,48,14,6,14,45,45,53,15,8,11,49,37,2,1,2,3,1,1,0,0,D,0,0,D,4,7,6,5,2,0,0,0,2.35,3.1,3.2
2009-2010,35,2010-05-02,St Etienne,Lens,17,14,36,9,9,16,24,39,40,10,10,14,31,39,2,1,2,1,2,2,1,4,A,1,0,H,5,6,5,3,2,2,0,0,1.91,3.2,4.1
2009-2010,35,2010-05-02,Rennes,Sochaux,8,16,52,14,10,10,48,33,38,10,8,16,25,46,1,3,1,0,2,3,1,2,A,0,1,A,5,1,3,4,2,1,0,0,1.62,3.6,6.0
2009-2010,35,2010-05-02,Boulogne,Nice,19,15,27,6,9,19,27,56,40,11,7,16,34,50,1,1,3,2,2,1,3,3,D,0,1,A,7,6,9,7,0,2,0,0,2.75,3.1,2.65
2009-2010,35,2010-05-02,Lille,Nancy,4,12,61,18,7,9,63,35,44,12,8,14,40,45,3,1,1,2,2,1,3,1,H,2,0,H,11,3,11,8,3,2,0,0,1.36,4.6,8.5
2009-2010,35,2010-05-02,Bordeaux,Toulouse,6,13,57,17,6,11,51,35,43,11,10,13,35,33,0,1,4,1,2,2,1,0,H,1,0,H,3,2,2,4,3,3,0,0,1.44,4.2,7.5
2009-2010,35,2010-05-02,Montpellier,Lyon,5,3,60,17,9,8,44,37,62,17,11,6,57,35,0,4,1,3,2,0,0,1,A,0,0,D,4,1,6,1,3,2,0,0,3.6,3.1,2.15
2009-2010,35,2010-05-05,Nice,Bordeaux,15,6,40,11,7,16,34,50,57,17,6,11,51,35,2,2,1,0,1,4,1,1,D,1,1,D,2,5,4,3,0,2,0,0,3.75,3.3,2.0
2009-2010,36,2010-05-05,Toulouse,Lille,13,4,43,11,10,14,35,34,64,19,7,9,66,36,1,2,2,3,1,1,0,2,A,0,1,A,2,5,3,2,3,1,0,0,3.75,3.2,2.05
2009-2010,36,2010-05-05,Sochaux,Montpellier,16,6,41,11,8,16,27,47,60,17,9,9,44,38,1,2,2,0,4,1,0,1,A,0,0,D,0,6,3,5,0,0,0,0,2.8,2.75,2.6
2009-2010,36,2010-05-05,Paris SG,Valenciennes,11,10,46,12,10,13,47,40,49,14,7,14,45,45,1,3,1,1,2,2,2,2,D,1,0,H,6,5,4,4,0,0,0,0,1.75,3.4,5.0
2009-2010,36,2010-05-05,Marseille,Rennes,1,8,72,21,9,5,62,32,52,14,10,11,49,35,4,1,0,0,3,2,3,1,H,1,1,D,6,4,6,6,0,1,0,0,1.4,4.33,8.0
2009-2010,36,2010-05-05,Lorient,Monaco,7,9,54,15,9,11,49,37,50,14,8,13,35,42,2,2,1,1,2,2,2,2,D,1,1,D,3,3,6,4,2,5,0,0,2.0,3.25,3.9
2009-2010,36,2010-05-05,Lyon,Auxerre,3,2,65,18,11,6,58,35,67,19,10,6,39,26,3,2,0,3,2,0,2,1,H,1,1,D,3,5,8,3,0,0,0,0,1.62,3.6,5.75
2009-2010,36,2010-05-05,Lens,Grenoble,14,20,43,11,10,14,35,40,19,4,7,24,28,58,2,2,1,1,1,3,1,1,D,0,1,A,2,7,11,3,0,1,0,0,1.55,3.8,6.5
2009-2010,36,2010-05-05,Boulogne,St Etienne,19,17,28,6,10,19,30,59,36,9,9,17,25,43,1,2,2,2,1,2,0,1,A,0,0,D,5,5,4,7,2,2,0,0,2.75,3.0,2.75
2009-2010,36,2010-05-05,Nancy,Le Mans,12,18,44,12,8,15,41,48,29,7,8,20,33,54,1,2,2,1,2,2,3,2,H,2,2,D,5,7,6,4,1,0,0,0,2.1,3.2,3.6
2009-2010,36,2010-05-08,Auxerre,Lens,2,14,67,19,10,6,39,26,43,11,10,14,35,40,3,2,0,2,2,1,0,0,D,0,0,D,4,2,4,4,1,3,0,0,1.36,4.33,10.0
2009-2010,37,2010-05-08,Bordeaux,Sochaux,6,16,61,18,7,11,53,36,41,11,8,17,27,48,1,2,2,1,1,3,2,0,H,0,0,D,4,2,4,4,2,2,0,0,1.29,5.0,11.0
2009-2010,37,2010-05-08,Grenoble,Boulogne,20,19,20,4,8,24,29,59,28,6,10,20,30,60,1,2,2,1,1,3,2,0,H,1,0,H,4,5,5,3,1,2,0,0,2.2,3.2,3.4
2009-2010,37,2010-05-08,Le Mans,Paris SG,18,11,29,7,8,21,35,57,47,12,11,13,49,42,1,2,2,1,3,1,1,0,H,1,0,H,2,4,0,9,1,1,1,0,2.5,3.1,2.9
2009-2010,37,2010-05-08,Lille,Marseille,3,1,67,20,7,9,68,36,75,22,9,5,65,33,4,1,0,4,1,0,3,2,H,1,2,A,7,2,17,1,3,3,0,1,1.6,4.2,5.25
2009-2010,37,2010-05-08,Monaco,Nancy,9,12,51,14,9,13,37,44,47,13,8,15,44,50,1,2,2,1,2,2,2,1,H,1,0,H,3,4,1,2,2,1,1,0,2.0,3.3,3.8
2009-2010,37,2010-05-08,Montpellier,Lorient,5,7,63,18,9,9,45,38,55,15,10,11,51,39,1,3,1,1,3,1,2,1,H,2,0,H,3,2,7,7,4,2,1,0,1.8,3.5,4.5
2009-2010,37,2010-05-08,Rennes,Nice,8,15,52,14,10,12,50,38,42,11,9,16,38,54,0,3,2,1,3,1,2,2,D,0,1,A,7,4,11,4,2,0,0,0,1.65,3.5,6.0
2009-2010,37,2010-05-08,St Etienne,Toulouse,17,14,39,10,9,17,26,43,43,11,10,15,35,36,2,1,2,1,1,3,0,1,A,0,0,D,4,3,5,5,3,1,0,0,2.0,3.2,4.0
2009-2010,37,2010-05-08,Valenciennes,Lyon,10,2,50,14,8,14,47,47,68,19,11,6,60,36,0,3,2,3,2,0,2,2,D,0,1,A,3,3,6,8,4,4,0,0,6.5,3.8,1.53
2009-2010,37,2010-05-12,Lyon,Monaco,2,9,68,19,11,6,60,36,51,14,9,13,37,44,3,2,0,1,2,2,3,0,H,1,0,H,9,0,10,4,1,3,0,0,1.25,5.5,12.0
2009-2010,38,2010-05-15,Nice,St Etienne,15,17,43,11,10,16,40,56,39,10,9,18,26,44,1,4,0,1,1,3,1,1,D,1,0,H,1,5,7,8,1,0,0,0,2.2,3.1,3.5
2009-2010,38,2010-05-15,Nancy,Valenciennes,12,10,47,13,8,16,45,52,51,14,9,14,49,49,1,2,2,0,4,1,1,1,D,1,0,H,6,4,9,5,2,1,1,0,2.15,3.3,3.4
2009-2010,38,2010-05-15,Paris SG,Montpellier,11,5,47,12,11,14,49,43,66,19,9,9,47,39,0,3,2,2,2,1,1,3,A,0,1,A,1,5,6,1,1,1,0,0,2.5,3.1,2.9
2009-2010,38,2010-05-15,Marseille,Grenoble,1,20,75,22,9,6,67,36,23,5,8,24,31,59,3,1,1,2,2,1,2,0,H,1,0,H,9,3,7,2,0,1,0,0,1.25,5.5,12.0
2009-2010,38,2010-05-15,Sochaux,Auxerre,16,4,41,11,8,18,27,50,68,19,11,7,40,28,1,1,3,2,2,1,1,2,A,0,1,A,8,7,3,3,1,1,1,0,4.75,3.6,1.73
2009-2010,38,2010-05-15,Lorient,Lille,7,2,55,15,10,12,52,41,70,21,7,9,71,38,1,2,2,5,0,0,2,1,H,1,1,D,2,5,5,8,4,3,1,0,5.75,3.8,1.6
2009-2010,38,2010-05-15,Lens,Bordeaux,14,6,45,11,12,14,36,41,64,19,7,11,55,36,1,4,0,2,2,1,4,3,H,2,1,H,7,3,3,2,3,2,0,1,3.8,3.3,2.0
2009-2010,38,2010-05-15,Boulogne,Rennes,19,9,28,6,10,21,30,62,53,14,11,12,52,40,1,1,3,0,3,2,1,0,H,1,0,H,4,5,8,7,1,1,0,0,3.25,3.1,2.3
2009-2010,38,2010-05-15,Lyon,Le Mans,3,18,69,19,12,6,62,38,32,8,8,21,36,57,3,2,0,2,1,2,2,0,H,1,0,H,6,2,12,2,0,3,0,0,1.13,7.5,19.0
2009-2010,38,2010-05-15,Toulouse,Monaco,13,8,46,12,10,15,36,36,54,15,9,13,39,45,1,1,3,1,2,2,0,0,D,0,0,D,3,1,2,1,0,2,0,0,1.83,3.5,4.33
