saison,journee,Date,HomeTeam,AwayTeam,cl_hometeam,cl_awayteam,forme_h_win,forme_h_draw,forme_h_lose,forme_a_win,forme_a_draw,forme_a_lose
2019-2020,1,2019-08-09,Monaco,Lyon,-1,-1,,,,,,
2019-2020,1,2019-08-10,Marseille,Reims,-1,-1,,,,,,
2019-2020,1,2019-08-10,Angers,Bordeaux,-1,-1,,,,,,
2019-2020,1,2019-08-10,Brest,Toulouse,-1,-1,,,,,,
2019-2020,1,2019-08-10,Dijon,St Etienne,-1,-1,,,,,,
2019-2020,1,2019-08-10,Montpellier,Rennes,-1,-1,,,,,,
2019-2020,1,2019-08-10,Nice,Amiens,-1,-1,,,,,,
2019-2020,1,2019-08-11,Lille,Nantes,-1,-1,,,,,,
2019-2020,1,2019-08-11,Strasbourg,Metz,-1,-1,,,,,,
2019-2020,1,2019-08-11,Paris SG,Nimes,-1,-1,,,,,,
2019-2020,2,2019-08-16,Lyon,Angers,1,3,1,0,0,1,0,0
2019-2020,2,2019-08-17,Nimes,Nice,19,7,0,0,1,1,0,0
2019-2020,2,2019-08-17,Metz,Monaco,10,20,0,1,0,0,0,1
2019-2020,2,2019-08-17,Toulouse,Dijon,9,15,0,1,0,0,0,1
2019-2020,2,2019-08-17,Amiens,Lille,14,6,0,0,1,1,0,0
2019-2020,2,2019-08-17,Nantes,Marseille,13,18,0,0,1,0,0,1
2019-2020,2,2019-08-17,Bordeaux,Montpellier,17,16,0,0,1,0,0,1
2019-2020,2,2019-08-18,St Etienne,Brest,5,12,1,0,0,0,1,0
2019-2020,2,2019-08-18,Reims,Strasbourg,4,11,1,0,0,0,1,0
2019-2020,2,2019-08-18,Rennes,Paris SG,8,2,1,0,0,1,0,0
2019-2020,3,2019-08-24,Brest,Reims,12,5,0,2,0,1,1,0
2019-2020,3,2019-08-24,Dijon,Bordeaux,18,16,0,0,2,0,1,1
2019-2020,3,2019-08-24,Amiens,Nantes,9,14,1,0,1,0,1,1
2019-2020,3,2019-08-24,Angers,Metz,11,4,1,0,1,1,1,0
2019-2020,3,2019-08-25,Monaco,Nimes,20,19,0,0,2,0,0,2
2019-2020,3,2019-08-25,Strasbourg,Rennes,13,3,0,2,0,2,0,0
2019-2020,3,2019-08-25,Paris SG,Toulouse,8,7,1,0,1,1,1,0
2019-2020,3,2019-08-27,Montpellier,Lyon,15,1,0,1,1,2,0,0
2019-2020,3,2019-08-28,Lille,St Etienne,10,6,1,0,1,1,1,0
2019-2020,3,2019-08-28,Nice,Marseille,2,17,2,0,0,0,1,1
2019-2020,4,2019-08-30,Metz,Paris SG,10,3,1,1,1,2,0,1
2019-2020,4,2019-08-31,Toulouse,Amiens,15,16,1,1,1,1,0,2
2019-2020,4,2019-08-31,Nimes,Brest,18,7,0,1,2,1,2,0
2019-2020,4,2019-08-31,Angers,Dijon,6,20,2,0,1,0,0,3
2019-2020,4,2019-08-31,Lyon,Bordeaux,2,9,2,0,1,1,1,1
2019-2020,4,2019-08-31,Nantes,Montpellier,11,12,1,1,1,1,1,1
2019-2020,4,2019-09-01,Reims,Lille,8,4,1,1,1,2,0,1
2019-2020,4,2019-09-01,Rennes,Nice,1,5,3,0,0,2,0,1
2019-2020,4,2019-09-01,Strasbourg,Monaco,17,19,0,2,1,0,1,2
2019-2020,4,2019-09-01,Marseille,St Etienne,13,14,1,1,1,1,1,1
2019-2020,5,2019-09-13,Lille,Angers,10,4,2,0,2,3,0,1
2019-2020,5,2019-09-13,Amiens,Lyon,18,5,1,0,3,2,1,1
2019-2020,5,2019-09-14,Paris SG,Strasbourg,1,17,3,0,1,0,3,1
2019-2020,5,2019-09-14,Bordeaux,Metz,11,15,1,2,1,1,1,2
2019-2020,5,2019-09-14,Brest,Rennes,12,2,1,2,1,3,0,1
2019-2020,5,2019-09-14,Dijon,Nimes,20,13,0,0,4,1,1,2
2019-2020,5,2019-09-14,Montpellier,Nice,14,3,1,1,2,3,0,1
2019-2020,5,2019-09-15,Monaco,Marseille,19,8,0,2,2,2,1,1
2019-2020,5,2019-09-15,Nantes,Reims,7,6,2,1,1,2,1,1
2019-2020,5,2019-09-15,St Etienne,Toulouse,16,9,1,1,2,2,1,1
2019-2020,6,2019-09-20,Strasbourg,Nantes,18,3,0,3,2,3,1,1
2019-2020,6,2019-09-21,Marseille,Montpellier,4,12,3,1,1,2,1,2
2019-2020,6,2019-09-21,Bordeaux,Brest,9,13,2,2,1,1,3,1
2019-2020,6,2019-09-21,Metz,Amiens,17,16,1,1,3,1,1,3
2019-2020,6,2019-09-21,Nice,Dijon,6,20,3,0,2,0,1,4
2019-2020,6,2019-09-21,Nimes,Toulouse,14,10,1,2,2,2,2,1
2019-2020,6,2019-09-21,Reims,Monaco,11,19,2,1,2,0,2,3
2019-2020,6,2019-09-22,Rennes,Lille,2,5,3,1,1,3,0,2
2019-2020,6,2019-09-22,Angers,St Etienne,7,15,3,0,2,1,2,2
2019-2020,6,2019-09-22,Lyon,Paris SG,8,1,2,2,1,4,0,1
2019-2020,7,2019-09-24,Dijon,Marseille,20,5,0,1,4,3,2,0
2019-2020,7,2019-09-24,Monaco,Nice,19,3,0,3,2,3,0,2
2019-2020,7,2019-09-25,St Etienne,Metz,17,18,0,2,3,1,0,4
2019-2020,7,2019-09-25,Toulouse,Angers,13,2,2,1,2,3,0,2
2019-2020,7,2019-09-25,Nantes,Rennes,7,4,3,1,1,2,2,1
2019-2020,7,2019-09-25,Paris SG,Reims,1,10,4,0,1,1,2,2
2019-2020,7,2019-09-25,Lille,Strasbourg,6,16,2,1,2,1,2,2
2019-2020,7,2019-09-25,Amiens,Bordeaux,14,8,2,1,2,2,3,0
2019-2020,7,2019-09-25,Montpellier,Nimes,12,11,2,2,1,2,2,1
2019-2020,7,2019-09-25,Brest,Lyon,15,9,1,3,1,1,2,2
2019-2020,8,2019-09-28,Lyon,Nantes,11,4,0,3,2,4,0,1
2019-2020,8,2019-09-28,Bordeaux,Paris SG,5,1,3,2,0,4,0,1
2019-2020,8,2019-09-28,Angers,Amiens,2,15,4,0,1,1,1,3
2019-2020,8,2019-09-28,Metz,Toulouse,16,14,1,0,4,1,1,3
2019-2020,8,2019-09-28,Nice,Lille,7,3,2,0,3,3,1,1
2019-2020,8,2019-09-28,Reims,Dijon,8,20,2,1,2,0,2,3
2019-2020,8,2019-09-28,Monaco,Brest,18,13,1,3,1,1,3,1
2019-2020,8,2019-09-29,Strasbourg,Montpellier,17,10,1,1,3,3,1,1
2019-2020,8,2019-09-29,Nimes,St Etienne,12,19,2,2,1,0,1,4
2019-2020,8,2019-09-29,Marseille,Rennes,6,9,3,2,0,1,2,2
2019-2020,9,2019-10-04,Amiens,Marseille,16,5,1,2,2,2,3,0
2019-2020,9,2019-10-05,Toulouse,Bordeaux,14,7,1,2,2,2,2,1
2019-2020,9,2019-10-05,Nantes,Nice,3,6,4,0,1,2,1,2
2019-2020,9,2019-10-05,Montpellier,Monaco,10,12,2,1,2,2,2,1
2019-2020,9,2019-10-05,Brest,Metz,18,17,0,3,2,1,1,3
2019-2020,9,2019-10-05,Paris SG,Angers,1,2,4,0,1,3,1,1
2019-2020,9,2019-10-05,Dijon,Strasbourg,20,13,1,2,2,2,1,2
2019-2020,9,2019-10-06,Lille,Nimes,4,15,2,2,1,2,1,2
2019-2020,9,2019-10-06,Rennes,Reims,8,9,0,3,2,2,1,2
2019-2020,9,2019-10-06,St Etienne,Lyon,19,11,1,1,3,0,3,2
2019-2020,10,2019-10-18,Nice,Paris SG,9,1,1,1,3,4,0,1
2019-2020,10,2019-10-19,Toulouse,Lille,18,5,0,2,3,2,3,0
2019-2020,10,2019-10-19,Reims,Montpellier,6,7,2,1,2,3,1,1
2019-2020,10,2019-10-19,Nimes,Amiens,15,11,1,2,2,2,2,1
2019-2020,10,2019-10-19,Metz,Nantes,20,2,1,1,3,4,0,1
2019-2020,10,2019-10-19,Lyon,Dijon,14,19,0,2,3,2,2,1
2019-2020,10,2019-10-19,Angers,Brest,3,12,2,1,2,1,3,1
2019-2020,10,2019-10-20,Bordeaux,St Etienne,4,13,3,1,1,2,1,2
2019-2020,10,2019-10-20,Monaco,Rennes,16,10,2,1,2,0,3,2
2019-2020,10,2019-10-20,Marseille,Strasbourg,8,17,1,3,1,2,0,3
2019-2020,11,2019-10-25,Nantes,Monaco,2,14,3,0,2,3,1,1
2019-2020,11,2019-10-26,Strasbourg,Nice,20,11,2,0,3,1,1,3
2019-2020,11,2019-10-26,Reims,Nimes,3,18,3,1,1,1,2,2
2019-2020,11,2019-10-26,Montpellier,Angers,8,5,2,1,2,2,1,2
2019-2020,11,2019-10-26,Brest,Dijon,9,19,2,2,1,2,2,1
2019-2020,11,2019-10-26,Lille,Bordeaux,7,6,1,3,1,2,1,2
2019-2020,11,2019-10-26,Lyon,Metz,17,16,0,2,3,2,1,2
2019-2020,11,2019-10-27,Rennes,Toulouse,12,15,0,2,3,1,1,3
2019-2020,11,2019-10-27,St Etienne,Amiens,10,13,3,0,2,2,2,1
2019-2020,11,2019-10-27,Paris SG,Marseille,1,4,4,0,1,1,3,1
2019-2020,12,2019-11-01,Dijon,Paris SG,20,1,2,2,1,4,0,1
2019-2020,12,2019-11-02,Marseille,Lille,7,3,1,2,2,2,2,1
2019-2020,12,2019-11-02,Amiens,Brest,14,5,1,3,1,3,1,1
2019-2020,12,2019-11-02,Metz,Montpellier,19,10,2,1,2,2,1,2
2019-2020,12,2019-11-02,Toulouse,Lyon,17,13,1,1,3,1,2,2
2019-2020,12,2019-11-02,Angers,Strasbourg,6,16,1,2,2,2,0,3
2019-2020,12,2019-11-03,Bordeaux,Nantes,8,2,2,0,3,3,0,2
2019-2020,12,2019-11-03,Nice,Reims,15,4,0,1,4,3,1,1
2019-2020,12,2019-11-03,St Etienne,Monaco,12,11,3,1,1,4,0,1
2019-2020,12,2019-11-08,Nice,Bordeaux,15,8,0,1,4,2,0,3
2019-2020,13,2019-11-09,Reims,Angers,7,2,2,1,2,1,2,2
2019-2020,13,2019-11-09,Strasbourg,Nimes,17,20,2,0,3,0,3,2
2019-2020,13,2019-11-09,Lille,Metz,5,19,1,2,2,1,2,2
2019-2020,13,2019-11-09,Brest,Paris SG,10,1,3,0,2,4,0,1
2019-2020,13,2019-11-09,Monaco,Dijon,15,16,3,0,2,3,1,1
2019-2020,13,2019-11-10,Rennes,Amiens,8,13,2,1,2,2,3,0
2019-2020,13,2019-11-10,Montpellier,Toulouse,12,18,1,2,2,1,1,3
2019-2020,13,2019-11-10,Nantes,St Etienne,3,9,2,0,3,4,1,0
2019-2020,13,2019-11-10,Marseille,Lyon,4,11,2,1,2,2,1,2
2019-2020,13,2019-11-22,Paris SG,Lille,1,5,4,0,1,1,2,2
2019-2020,14,2019-11-23,Lyon,Nice,14,13,2,1,2,1,1,3
2019-2020,14,2019-11-23,Amiens,Strasbourg,15,16,2,2,1,2,0,3
2019-2020,14,2019-11-23,Angers,Nimes,4,20,1,2,2,0,3,2
2019-2020,14,2019-11-23,Brest,Nantes,12,10,3,0,2,1,0,4
2019-2020,14,2019-11-23,Dijon,Rennes,18,3,2,1,2,3,0,2
2019-2020,14,2019-11-23,Metz,Reims,17,9,1,2,2,2,2,1
2019-2020,14,2019-11-24,St Etienne,Montpellier,5,7,4,1,0,2,2,1
2019-2020,14,2019-11-24,Bordeaux,Monaco,8,11,2,1,2,3,0,2
2019-2020,14,2019-11-24,Toulouse,Marseille,19,2,1,0,4,3,0,2
2019-2020,14,2019-11-29,Marseille,Brest,2,12,3,0,2,3,0,2
2019-2020,15,2019-11-30,Strasbourg,Lyon,12,10,3,0,2,3,1,1
2019-2020,15,2019-11-30,Lille,Dijon,11,17,1,1,3,2,1,2
2019-2020,15,2019-11-30,Montpellier,Amiens,7,16,1,3,1,1,2,2
2019-2020,15,2019-11-30,Nice,Angers,15,3,1,1,3,2,2,1
2019-2020,15,2019-11-30,Nimes,Metz,20,18,0,2,3,1,3,1
2019-2020,15,2019-11-30,Reims,Bordeaux,8,4,1,3,1,2,1,2
2019-2020,15,2019-12-01,Nantes,Toulouse,9,19,0,1,4,1,0,4
2019-2020,15,2019-12-01,Rennes,St Etienne,6,5,3,0,2,3,2,0
2019-2020,15,2019-12-03,Angers,Marseille,3,2,2,2,1,4,0,1
2019-2020,15,2019-12-03,Bordeaux,Nimes,4,20,2,1,2,0,2,3
2019-2020,16,2019-12-03,Brest,Strasbourg,14,13,1,1,3,3,0,2
2019-2020,16,2019-12-03,Lyon,Lille,8,9,4,0,1,2,1,2
2019-2020,16,2019-12-04,Paris SG,Nantes,1,7,4,0,1,1,1,3
2019-2020,16,2019-12-04,Toulouse,Monaco,20,15,0,0,5,2,0,3
2019-2020,16,2019-12-04,St Etienne,Nice,10,12,2,2,1,2,1,2
2019-2020,16,2019-12-04,Metz,Rennes,17,3,0,4,1,4,0,1
2019-2020,16,2019-12-04,Dijon,Montpellier,18,5,2,0,3,2,3,0
2019-2020,16,2019-12-06,Lille,Brest,9,14,2,1,2,1,1,3
2019-2020,16,2019-12-06,Nimes,Lyon,19,8,0,2,3,4,0,1
2019-2020,16,2019-12-07,Montpellier,Paris SG,5,1,2,3,0,4,0,1
2019-2020,17,2019-12-07,Monaco,Amiens,13,16,2,0,3,1,1,3
2019-2020,17,2019-12-07,Nice,Metz,14,18,2,1,2,0,4,1
2019-2020,17,2019-12-07,Rennes,Angers,3,8,4,0,1,2,1,2
2019-2020,17,2019-12-07,Strasbourg,Toulouse,15,20,2,0,3,0,0,5
2019-2020,17,2019-12-08,Reims,St Etienne,11,6,0,4,1,3,1,1
2019-2020,17,2019-12-08,Nantes,Dijon,9,17,1,1,3,2,1,2
2019-2020,17,2019-12-08,Marseille,Bordeaux,2,4,5,0,0,3,2,0
2019-2020,17,2019-12-13,Lille,Montpellier,5,7,2,1,2,2,3,0
2019-2020,17,2019-12-14,Nimes,Nantes,19,9,0,1,4,1,1,3
2019-2020,17,2019-12-14,Brest,Nice,12,14,1,1,3,2,1,2
2019-2020,18,2019-12-14,Toulouse,Reims,19,8,0,0,5,1,4,0
2019-2020,18,2019-12-14,Amiens,Dijon,16,17,0,1,4,1,1,3
2019-2020,18,2019-12-14,Metz,Marseille,18,2,0,3,2,5,0,0
2019-2020,18,2019-12-14,Angers,Monaco,12,11,1,1,3,3,0,2
2019-2020,18,2019-12-15,Bordeaux,Strasbourg,5,15,2,2,1,3,0,2
2019-2020,18,2019-12-15,Lyon,Rennes,7,3,3,0,2,4,0,1
2019-2020,18,2019-12-15,St Etienne,Paris SG,9,1,2,1,2,5,0,0
2019-2020,18,2019-12-21,Strasbourg,St Etienne,15,9,3,0,2,2,1,2
2019-2020,18,2019-12-21,Rennes,Bordeaux,3,5,4,0,1,2,2,1
2019-2020,18,2019-12-21,Reims,Lyon,8,7,1,4,0,3,0,2
2019-2020,19,2019-12-21,Paris SG,Amiens,1,16,5,0,0,0,2,3
2019-2020,19,2019-12-21,Nice,Toulouse,14,19,2,1,2,0,0,5
2019-2020,19,2019-12-21,Montpellier,Brest,12,15,1,2,2,1,2,2
2019-2020,19,2019-12-21,Monaco,Lille,9,4,2,1,2,4,0,1
2019-2020,19,2019-12-21,Marseille,Nimes,2,20,4,1,0,0,1,4
2019-2020,19,2019-12-21,Dijon,Metz,17,18,1,2,2,0,3,2
2019-2020,19,2019-12-21,Nantes,Angers,5,10,3,1,1,1,1,3
2019-2020,19,2020-01-10,Rennes,Marseille,3,2,4,0,1,4,1,0
2019-2020,19,2020-01-11,Toulouse,Brest,19,15,0,0,5,1,2,2
2019-2020,19,2020-01-11,Nimes,Reims,20,6,0,1,4,2,3,0
2019-2020,20,2020-01-11,Metz,Strasbourg,18,11,0,3,2,3,0,2
2019-2020,20,2020-01-11,Amiens,Montpellier,17,9,0,2,3,2,1,2
2019-2020,20,2020-01-11,Bordeaux,Lyon,13,12,1,1,3,2,1,2
2019-2020,20,2020-01-11,Angers,Nice,8,10,1,1,3,3,1,1
2019-2020,20,2020-01-12,St Etienne,Nantes,14,6,1,0,4,3,0,2
2019-2020,20,2020-01-12,Dijon,Lille,16,4,0,3,2,4,0,1
2019-2020,20,2020-01-12,Paris SG,Monaco,1,7,5,0,0,3,1,1
2019-2020,20,2020-01-15,Amiens,Reims,17,5,0,2,3,2,3,0
2019-2020,20,2020-01-15,Nimes,Rennes,19,3,0,1,4,5,0,0
2019-2020,20,2020-01-15,Monaco,Paris SG,7,1,3,1,1,5,0,0
2019-2020,21,2020-01-24,Nice,Rennes,11,3,2,2,1,4,0,1
2019-2020,21,2020-01-25,St Etienne,Nimes,15,19,1,0,4,1,0,4
2019-2020,21,2020-01-25,Marseille,Angers,2,10,4,1,0,1,2,2
2019-2020,21,2020-01-25,Brest,Amiens,14,18,2,1,2,0,2,3
2019-2020,21,2020-01-25,Monaco,Strasbourg,9,12,3,2,0,3,0,2
2019-2020,21,2020-01-25,Montpellier,Dijon,6,16,2,1,2,1,3,1
2019-2020,21,2020-01-25,Reims,Metz,8,17,2,2,1,1,2,2
2019-2020,21,2020-01-26,Nantes,Bordeaux,4,13,3,0,2,1,0,4
2019-2020,21,2020-01-26,Lille,Paris SG,5,1,3,0,2,4,1,0
2019-2020,21,2020-01-26,Lyon,Toulouse,7,20,2,1,2,0,0,5
2019-2020,22,2020-01-31,Rennes,Nantes,3,6,3,1,1,3,0,2
2019-2020,22,2020-02-01,Paris SG,Montpellier,1,4,4,1,0,3,0,2
2019-2020,22,2020-02-01,Amiens,Toulouse,18,20,0,1,4,0,0,5
2019-2020,22,2020-02-01,Angers,Reims,9,11,1,3,1,2,1,2
2019-2020,22,2020-02-01,Dijon,Brest,17,14,1,2,2,2,1,2
2019-2020,22,2020-02-01,Nimes,Monaco,19,13,1,0,4,2,2,1
2019-2020,22,2020-02-01,Strasbourg,Lille,8,7,4,0,1,2,0,3
2019-2020,22,2020-02-02,Bordeaux,Marseille,10,2,1,0,4,3,2,0
2019-2020,22,2020-02-02,Nice,Lyon,12,5,2,3,0,3,1,1
2019-2020,22,2020-02-02,Metz,St Etienne,16,15,2,2,1,1,0,4
2019-2020,23,2020-02-04,Lille,Rennes,4,3,2,0,3,3,1,1
2019-2020,23,2020-02-04,Monaco,Angers,13,12,1,2,2,1,3,1
2019-2020,23,2020-02-04,Nantes,Paris SG,9,1,2,0,3,4,1,0
2019-2020,23,2020-02-05,Toulouse,Strasbourg,20,11,0,1,4,3,0,2
2019-2020,23,2020-02-05,St Etienne,Marseille,15,2,1,0,4,2,3,0
2019-2020,23,2020-02-05,Reims,Nice,7,8,2,1,2,2,3,0
2019-2020,23,2020-02-05,Nimes,Dijon,19,17,2,0,3,2,2,1
2019-2020,23,2020-02-05,Montpellier,Metz,5,16,3,0,2,3,2,0
2019-2020,23,2020-02-05,Lyon,Amiens,6,18,2,1,2,0,2,3
2019-2020,23,2020-02-05,Brest,Bordeaux,14,10,2,1,2,1,1,3
2019-2020,24,2020-02-07,Angers,Lille,13,4,1,2,2,2,0,3
2019-2020,24,2020-02-08,Rennes,Brest,3,14,2,1,2,2,1,2
2019-2020,24,2020-02-08,Metz,Bordeaux,16,12,3,2,0,1,2,2
2019-2020,24,2020-02-08,Nice,Nimes,8,18,2,3,0,3,0,2
2019-2020,24,2020-02-08,Amiens,Monaco,19,10,0,2,3,2,1,2
2019-2020,24,2020-02-08,Marseille,Toulouse,2,20,3,2,0,0,1,4
2019-2020,24,2020-02-08,Dijon,Nantes,17,11,2,1,2,1,0,4
2019-2020,24,2020-02-09,Montpellier,St Etienne,5,15,3,1,1,1,0,4
2019-2020,24,2020-02-09,Strasbourg,Reims,9,7,3,0,2,1,2,2
2019-2020,24,2020-02-09,Paris SG,Lyon,1,6,4,1,0,2,2,1
2019-2020,25,2020-02-14,Monaco,Montpellier,7,5,2,1,2,3,1,1
2019-2020,25,2020-02-15,Nimes,Angers,18,14,4,0,1,0,2,3
2019-2020,25,2020-02-15,Toulouse,Nice,20,11,0,1,4,1,3,1
2019-2020,25,2020-02-15,Nantes,Metz,12,16,1,1,3,3,1,1
2019-2020,25,2020-02-15,Bordeaux,Dijon,8,17,2,2,1,2,1,2
2019-2020,25,2020-02-15,Amiens,Paris SG,19,1,0,2,3,4,1,0
2019-2020,25,2020-02-16,Lyon,Strasbourg,9,6,2,1,2,3,0,2
2019-2020,25,2020-02-16,Brest,St Etienne,13,15,2,2,1,1,0,4
2019-2020,25,2020-02-16,Reims,Rennes,10,3,1,1,3,1,2,2
2019-2020,25,2020-02-16,Lille,Marseille,4,2,3,0,2,3,2,0
2019-2020,26,2020-02-21,Nice,Brest,9,13,2,2,1,2,2,1
2019-2020,26,2020-02-21,Metz,Lyon,15,11,2,2,1,1,2,2
2019-2020,26,2020-02-22,Marseille,Nantes,2,12,3,2,0,0,2,3
2019-2020,26,2020-02-22,Angers,Montpellier,14,6,0,1,4,2,1,2
2019-2020,26,2020-02-22,Dijon,Monaco,18,5,1,2,2,3,0,2
2019-2020,26,2020-02-22,Lille,Toulouse,4,20,3,0,2,0,1,4
2019-2020,26,2020-02-22,Strasbourg,Amiens,7,19,3,1,1,0,3,2
2019-2020,26,2020-02-23,St Etienne,Reims,16,8,1,0,4,2,1,2
2019-2020,26,2020-02-23,Rennes,Nimes,3,17,1,2,2,4,0,1
2019-2020,26,2020-02-23,Paris SG,Bordeaux,1,10,4,1,0,2,3,0
2019-2020,27,2020-02-28,Nimes,Marseille,18,2,4,0,1,3,1,1
2019-2020,27,2020-02-29,Paris SG,Dijon,1,17,4,1,0,1,3,1
2019-2020,27,2020-02-29,Amiens,Metz,19,16,0,4,1,1,2,2
2019-2020,27,2020-02-29,Brest,Angers,13,14,1,3,1,1,0,4
2019-2020,27,2020-02-29,Monaco,Reims,5,8,3,1,1,2,2,1
2019-2020,27,2020-02-29,Montpellier,Strasbourg,9,6,1,1,3,2,2,1
2019-2020,27,2020-02-29,Toulouse,Rennes,20,3,0,1,4,2,1,2
2019-2020,27,2020-03-01,Nantes,Lille,11,4,1,2,2,4,0,1
2019-2020,27,2020-03-01,Bordeaux,Nice,12,10,1,3,1,2,2,1
2019-2020,27,2020-03-01,Lyon,St Etienne,7,15,1,2,2,0,1,4
2019-2020,28,2020-03-06,Marseille,Amiens,2,19,4,0,1,0,3,2
2019-2020,28,2020-03-07,Angers,Nantes,13,11,2,0,3,1,2,2
2019-2020,28,2020-03-07,Dijon,Toulouse,17,20,0,3,2,0,0,5
2019-2020,28,2020-03-07,Metz,Nimes,15,18,1,2,2,3,0,2
2019-2020,28,2020-03-07,Nice,Monaco,9,7,1,3,1,3,2,0
2019-2020,28,2020-03-07,Reims,Brest,8,14,1,3,1,1,3,1
2019-2020,28,2020-03-08,Rennes,Montpellier,3,6,2,1,2,2,1,2
2019-2020,28,2020-03-08,St Etienne,Bordeaux,16,12,0,1,4,1,3,1
2019-2020,28,2020-03-08,Lille,Lyon,4,5,4,0,1,2,2,1
2018-2019,1,2018-08-10,Marseille,Toulouse,-1,-1,,,,,,
2018-2019,1,2018-08-11,Angers,Nimes,-1,-1,,,,,,
2018-2019,1,2018-08-11,Lille,Rennes,-1,-1,,,,,,
2018-2019,1,2018-08-11,Montpellier,Dijon,-1,-1,,,,,,
2018-2019,1,2018-08-11,Nantes,Monaco,-1,-1,,,,,,
2018-2019,1,2018-08-11,Nice,Reims,-1,-1,,,,,,
2018-2019,1,2018-08-11,St Etienne,Guingamp,-1,-1,,,,,,
2018-2019,1,2018-08-12,Bordeaux,Strasbourg,-1,-1,,,,,,
2018-2019,1,2018-08-12,Lyon,Amiens,-1,-1,,,,,,
2018-2019,1,2018-08-12,Paris SG,Caen,-1,-1,,,,,,
2018-2019,2,2018-08-17,Reims,Lyon,10,6,1,0,0,1,0,0
2018-2019,2,2018-08-18,Rennes,Angers,15,11,0,0,1,0,0,1
2018-2019,2,2018-08-18,Monaco,Lille,3,4,1,0,0,1,0,0
2018-2019,2,2018-08-18,Guingamp,Paris SG,12,2,0,0,1,1,0,0
2018-2019,2,2018-08-18,Amiens,Montpellier,17,13,0,0,1,0,0,1
2018-2019,2,2018-08-18,Caen,Nice,19,14,0,0,1,0,0,1
2018-2019,2,2018-08-18,Dijon,Nantes,8,16,1,0,0,0,0,1
2018-2019,2,2018-08-19,Nimes,Marseille,7,1,1,0,0,1,0,0
2018-2019,2,2018-08-19,Strasbourg,St Etienne,5,9,1,0,0,1,0,0
2018-2019,2,2018-08-19,Toulouse,Bordeaux,20,18,0,0,1,0,0,1
2018-2019,3,2018-08-24,Lyon,Strasbourg,10,6,1,0,1,1,1,0
2018-2019,3,2018-08-25,Paris SG,Angers,1,16,2,0,0,0,0,2
2018-2019,3,2018-08-25,Toulouse,Nimes,13,2,1,0,1,2,0,0
2018-2019,3,2018-08-25,Nice,Dijon,14,3,0,1,1,2,0,0
2018-2019,3,2018-08-25,Amiens,Reims,19,4,0,0,2,2,0,0
2018-2019,3,2018-08-25,Montpellier,St Etienne,11,8,1,0,1,1,1,0
2018-2019,3,2018-08-25,Nantes,Caen,20,15,0,0,2,0,1,1
2018-2019,3,2018-08-26,Bordeaux,Monaco,18,5,0,0,2,1,1,0
2018-2019,3,2018-08-26,Lille,Guingamp,7,17,1,1,0,0,0,2
2018-2019,3,2018-08-26,Marseille,Rennes,9,12,1,0,1,1,0,1
2018-2019,4,2018-08-31,Lyon,Nice,4,18,2,0,1,0,1,2
2018-2019,4,2018-09-01,Strasbourg,Nantes,11,17,1,1,1,0,1,2
2018-2019,4,2018-09-01,Reims,Montpellier,6,12,2,0,1,1,1,1
2018-2019,4,2018-09-01,Nimes,Paris SG,5,1,2,0,1,3,0,0
2018-2019,4,2018-09-01,Dijon,Caen,2,16,3,0,0,0,2,1
2018-2019,4,2018-09-01,Angers,Lille,19,3,0,0,3,2,1,0
2018-2019,4,2018-09-01,Guingamp,Toulouse,20,7,0,0,3,2,0,1
2018-2019,4,2018-09-02,Monaco,Marseille,10,9,1,1,1,1,1,1
2018-2019,4,2018-09-02,Rennes,Bordeaux,13,15,1,1,1,1,0,2
2018-2019,4,2018-09-02,St Etienne,Amiens,8,14,1,2,0,1,0,2
2018-2019,5,2018-09-14,Nice,Rennes,17,6,1,1,2,2,1,1
2018-2019,5,2018-09-14,Paris SG,St Etienne,1,9,4,0,0,1,3,0
2018-2019,5,2018-09-15,Montpellier,Strasbourg,7,15,2,1,1,1,1,2
2018-2019,5,2018-09-15,Dijon,Angers,2,18,3,0,1,1,0,3
2018-2019,5,2018-09-15,Toulouse,Monaco,3,13,3,0,1,1,1,2
2018-2019,5,2018-09-15,Amiens,Lille,14,4,1,1,2,2,1,1
2018-2019,5,2018-09-15,Caen,Lyon,12,8,1,2,1,2,0,2
2018-2019,5,2018-09-16,Bordeaux,Nimes,19,10,1,0,3,2,0,2
2018-2019,5,2018-09-16,Marseille,Guingamp,5,20,2,1,1,0,0,4
2018-2019,5,2018-09-16,Nantes,Reims,16,11,1,1,2,2,0,2
2018-2019,6,2018-09-21,Monaco,Nimes,15,8,1,2,2,2,1,2
2018-2019,6,2018-09-22,Strasbourg,Amiens,16,18,1,2,2,1,1,3
2018-2019,6,2018-09-22,Reims,Dijon,10,5,2,1,2,3,0,2
2018-2019,6,2018-09-22,St Etienne,Caen,14,13,1,3,1,1,3,1
2018-2019,6,2018-09-22,Lille,Nantes,3,17,3,1,1,1,2,2
2018-2019,6,2018-09-22,Angers,Toulouse,12,4,2,0,3,3,1,1
2018-2019,6,2018-09-22,Montpellier,Nice,6,11,2,2,1,2,1,2
2018-2019,6,2018-09-23,Guingamp,Bordeaux,20,19,0,0,5,1,1,3
2018-2019,6,2018-09-23,Lyon,Marseille,7,2,2,1,2,3,1,1
2018-2019,6,2018-09-23,Rennes,Paris SG,9,1,2,1,2,5,0,0
2018-2019,7,2018-09-25,Monaco,Angers,16,12,0,3,2,2,1,2
2018-2019,7,2018-09-25,Nantes,Nice,18,15,1,2,2,2,1,2
2018-2019,7,2018-09-25,Toulouse,St Etienne,4,8,3,2,0,1,3,1
2018-2019,7,2018-09-26,Marseille,Strasbourg,5,9,2,1,2,1,2,2
2018-2019,7,2018-09-26,Nimes,Guingamp,10,20,1,2,2,0,0,5
2018-2019,7,2018-09-26,Dijon,Lyon,7,6,2,1,2,2,1,2
2018-2019,7,2018-09-26,Paris SG,Reims,1,11,5,0,0,1,2,2
2018-2019,7,2018-09-26,Bordeaux,Lille,14,2,2,1,2,3,1,1
2018-2019,7,2018-09-26,Amiens,Rennes,19,13,1,1,3,2,1,2
2018-2019,7,2018-09-26,Caen,Montpellier,17,3,1,3,1,3,2,0
2018-2019,8,2018-09-28,St Etienne,Monaco,6,18,2,2,1,0,2,3
2018-2019,8,2018-09-29,Angers,Guingamp,8,20,3,1,1,0,1,4
2018-2019,8,2018-09-29,Caen,Amiens,16,15,1,3,1,2,1,2
2018-2019,8,2018-09-29,Lyon,Nantes,2,19,3,1,1,1,2,2
2018-2019,8,2018-09-29,Nice,Paris SG,11,1,3,0,2,5,0,0
2018-2019,8,2018-09-29,Reims,Bordeaux,14,10,0,2,3,3,1,1
2018-2019,8,2018-09-29,Strasbourg,Dijon,13,9,1,1,3,1,1,3
2018-2019,8,2018-09-30,Lille,Marseille,4,3,3,0,2,3,1,1
2018-2019,8,2018-09-30,Montpellier,Nimes,5,12,2,3,0,0,3,2
2018-2019,8,2018-09-30,Rennes,Toulouse,17,7,1,1,3,2,2,1
2018-2019,9,2018-10-05,Toulouse,Nice,7,13,1,3,1,3,0,2
2018-2019,9,2018-10-06,Amiens,Dijon,17,12,1,1,3,0,1,4
2018-2019,9,2018-10-06,Angers,Strasbourg,11,8,3,1,1,2,1,2
2018-2019,9,2018-10-06,Guingamp,Montpellier,20,3,1,1,3,3,2,0
2018-2019,9,2018-10-06,Lille,St Etienne,2,4,3,0,2,3,1,1
2018-2019,9,2018-10-06,Nimes,Reims,14,15,0,3,2,0,3,2
2018-2019,9,2018-10-07,Bordeaux,Nantes,9,19,2,2,1,1,2,2
2018-2019,9,2018-10-07,Marseille,Caen,6,10,3,0,2,2,2,1
2018-2019,9,2018-10-07,Monaco,Rennes,18,16,0,2,3,1,1,3
2018-2019,9,2018-10-07,Paris SG,Lyon,1,5,5,0,0,2,2,1
2018-2019,10,2018-10-19,Lyon,Nimes,6,14,2,2,1,0,4,1
2018-2019,10,2018-10-20,Strasbourg,Monaco,9,18,2,2,1,0,2,3
2018-2019,10,2018-10-20,Reims,Angers,17,10,0,4,1,2,2,1
2018-2019,10,2018-10-20,Paris SG,Amiens,1,13,5,0,0,2,0,3
2018-2019,10,2018-10-20,Nantes,Toulouse,19,8,0,2,3,0,4,1
2018-2019,10,2018-10-20,Dijon,Lille,16,2,0,1,4,4,0,1
2018-2019,10,2018-10-20,Caen,Guingamp,15,20,1,2,2,1,2,2
2018-2019,10,2018-10-21,Montpellier,Bordeaux,4,7,2,3,0,3,2,0
2018-2019,10,2018-10-21,Nice,Marseille,12,3,2,1,2,3,0,2
2018-2019,10,2018-10-21,St Etienne,Rennes,5,11,3,0,2,1,1,3
2018-2019,11,2018-10-26,Nimes,St Etienne,15,6,0,3,2,3,1,1
2018-2019,11,2018-10-27,Monaco,Dijon,19,16,0,1,4,0,1,4
2018-2019,11,2018-10-27,Lille,Caen,2,12,4,0,1,1,2,2
2018-2019,11,2018-10-27,Toulouse,Montpellier,9,3,0,3,2,3,2,0
2018-2019,11,2018-10-27,Angers,Lyon,10,5,1,3,1,3,1,1
2018-2019,11,2018-10-27,Amiens,Nantes,17,18,2,0,3,1,1,3
2018-2019,11,2018-10-27,Guingamp,Strasbourg,20,7,1,3,1,3,1,1
2018-2019,11,2018-10-28,Bordeaux,Nice,8,14,3,1,1,1,1,3
2018-2019,11,2018-10-28,Marseille,Paris SG,4,1,3,0,2,5,0,0
2018-2019,11,2018-10-28,Rennes,Reims,11,13,1,2,2,0,4,1
2018-2019,12,2018-11-02,Paris SG,Lille,1,2,5,0,0,4,0,1
2018-2019,12,2018-11-03,Strasbourg,Toulouse,7,11,2,2,1,0,2,3
2018-2019,12,2018-11-03,Caen,Rennes,15,14,1,2,2,1,2,2
2018-2019,12,2018-11-03,Dijon,Nimes,17,16,0,1,4,0,3,2
2018-2019,12,2018-11-03,Lyon,Bordeaux,4,8,3,1,1,2,1,2
2018-2019,12,2018-11-03,Nice,Amiens,10,18,2,1,2,2,0,3
2018-2019,12,2018-11-03,Reims,Monaco,9,19,1,3,1,0,1,4
2018-2019,12,2018-11-04,St Etienne,Angers,6,12,2,2,1,1,2,2
2018-2019,12,2018-11-04,Montpellier,Marseille,3,5,3,2,0,3,0,2
2018-2019,12,2018-11-04,Nantes,Guingamp,13,20,2,1,2,1,4,0
2018-2019,13,2018-11-09,Lille,Strasbourg,3,7,4,0,1,2,3,0
2018-2019,13,2018-11-10,Angers,Montpellier,15,2,0,2,3,4,1,0
2018-2019,13,2018-11-10,Guingamp,Lyon,20,4,1,3,1,2,2,1
2018-2019,13,2018-11-10,Nimes,Nice,13,9,1,2,2,2,1,2
2018-2019,13,2018-11-10,St Etienne,Reims,5,8,2,2,1,2,3,0
2018-2019,13,2018-11-10,Toulouse,Amiens,14,18,0,3,2,1,0,4
2018-2019,13,2018-11-11,Rennes,Nantes,12,10,2,2,1,3,1,1
2018-2019,13,2018-11-11,Monaco,Paris SG,19,1,0,1,4,5,0,0
2018-2019,13,2018-11-11,Marseille,Dijon,6,17,2,0,3,0,1,4
2018-2019,13,2018-11-11,Bordeaux,Caen,11,16,1,2,2,1,1,3
2018-2019,14,2018-11-23,Lyon,St Etienne,4,5,3,1,1,2,2,1
2018-2019,14,2018-11-24,Caen,Monaco,17,19,0,2,3,0,1,4
2018-2019,14,2018-11-24,Dijon,Bordeaux,18,11,0,1,4,1,2,2
2018-2019,14,2018-11-24,Nantes,Angers,10,13,3,1,1,1,2,2
2018-2019,14,2018-11-24,Paris SG,Toulouse,1,15,5,0,0,0,2,3
2018-2019,14,2018-11-24,Reims,Guingamp,9,20,2,2,1,0,3,2
2018-2019,14,2018-11-24,Strasbourg,Nimes,8,14,1,4,0,1,2,2
2018-2019,14,2018-11-25,Montpellier,Rennes,3,12,3,1,1,2,2,1
2018-2019,14,2018-11-25,Amiens,Marseille,16,6,2,0,3,3,0,2
2018-2019,14,2018-11-25,Nice,Lille,7,2,3,1,1,3,1,1
2018-2019,15,2018-11-30,St Etienne,Nantes,6,10,2,2,1,3,2,0
2018-2019,15,2018-12-01,Angers,Caen,14,17,1,2,2,0,2,3
2018-2019,15,2018-12-01,Guingamp,Nice,20,7,0,2,3,4,0,1
2018-2019,15,2018-12-01,Lille,Lyon,4,2,2,1,2,4,1,0
2018-2019,15,2018-12-01,Monaco,Montpellier,19,3,1,1,3,3,1,1
2018-2019,15,2018-12-01,Nimes,Amiens,11,16,2,1,2,1,0,4
2018-2019,15,2018-12-02,Bordeaux,Paris SG,12,1,0,3,2,5,0,0
2018-2019,15,2018-12-02,Marseille,Reims,5,8,3,0,2,3,1,1
2018-2019,15,2018-12-02,Rennes,Strasbourg,13,9,1,3,1,1,3,1
2018-2019,15,2018-12-02,Toulouse,Dijon,15,18,0,1,4,0,2,3
2018-2019,16,2018-12-04,Nice,Angers,7,13,4,1,0,1,2,2
2018-2019,16,2018-12-04,Montpellier,Lille,2,4,3,1,1,1,2,2
2018-2019,16,2018-12-04,Amiens,Monaco,18,19,1,0,4,1,1,3
2018-2019,16,2018-12-05,Bordeaux,St Etienne,11,6,0,4,1,3,1,1
2018-2019,16,2018-12-05,Caen,Nimes,16,10,0,2,3,3,1,1
2018-2019,16,2018-12-05,Dijon,Guingamp,17,20,0,3,2,0,2,3
2018-2019,16,2018-12-05,Lyon,Rennes,3,14,3,2,0,1,2,2
2018-2019,16,2018-12-05,Nantes,Marseille,12,5,2,2,1,2,1,2
2018-2019,16,2018-12-05,Reims,Toulouse,9,15,3,1,1,0,2,3
2018-2019,16,2018-12-05,Strasbourg,Paris SG,8,1,1,3,1,4,1,0
2018-2019,17,2018-12-08,Guingamp,Amiens,20,19,0,1,4,1,0,4
2018-2019,17,2018-12-08,Rennes,Dijon,13,16,2,2,1,1,2,2
2018-2019,17,2018-12-09,Strasbourg,Caen,9,17,1,3,1,0,2,3
2018-2019,17,2018-12-09,Lille,Reims,2,11,1,2,2,2,1,2
2018-2019,17,2018-12-15,Reims,Strasbourg,11,9,2,1,2,1,3,1
2018-2019,17,2018-12-16,Lyon,Monaco,4,18,2,2,1,2,0,3
2018-2019,17,2018-12-16,Nice,St Etienne,7,6,3,2,0,3,0,2
2018-2019,17,2018-12-16,Nimes,Lille,8,2,4,0,1,1,2,2
2018-2019,17,2018-12-18,Caen,Toulouse,17,15,0,2,3,1,2,2
2018-2019,17,2018-12-22,Reims,Caen,11,17,2,1,2,0,2,3
2018-2019,18,2018-12-22,Strasbourg,Nice,10,8,1,3,1,2,3,0
2018-2019,18,2018-12-22,St Etienne,Dijon,5,16,3,0,2,1,2,2
2018-2019,18,2018-12-22,Rennes,Nimes,11,6,2,2,1,4,0,1
2018-2019,18,2018-12-22,Paris SG,Nantes,1,13,3,2,0,1,2,2
2018-2019,18,2018-12-22,Montpellier,Lyon,3,4,1,1,3,2,2,1
2018-2019,18,2018-12-22,Monaco,Guingamp,19,20,2,1,2,0,1,4
2018-2019,18,2018-12-22,Lille,Toulouse,2,14,1,3,1,1,2,2
2018-2019,18,2018-12-22,Angers,Marseille,15,7,1,3,1,2,1,2
2018-2019,18,2018-12-23,Bordeaux,Amiens,9,17,2,3,0,2,0,3
2018-2019,18,2019-01-08,Amiens,Angers,17,15,2,0,3,1,3,1
2018-2019,19,2019-01-08,Nantes,Montpellier,12,5,2,1,2,1,1,3
2018-2019,19,2019-01-11,Caen,Lille,16,2,1,2,2,2,2,1
2018-2019,19,2019-01-11,Lyon,Reims,3,9,2,2,1,2,2,1
2018-2019,19,2019-01-12,Guingamp,St Etienne,20,4,1,1,3,2,1,2
2018-2019,19,2019-01-12,Nice,Bordeaux,7,10,1,4,0,2,2,1
2018-2019,19,2019-01-12,Amiens,Paris SG,17,1,1,1,3,3,2,0
2018-2019,19,2019-01-13,Nantes,Rennes,12,13,2,1,2,2,1,2
2018-2019,19,2019-01-13,Toulouse,Strasbourg,15,11,1,2,2,1,2,2
2018-2019,19,2019-01-13,Dijon,Montpellier,18,5,1,2,2,1,1,3
2018-2019,19,2019-01-13,Marseille,Monaco,6,19,2,1,2,2,1,2
2018-2019,20,2019-01-15,Angers,Bordeaux,15,12,0,4,1,2,2,1
2018-2019,20,2019-01-16,Guingamp,Rennes,20,9,2,1,2,3,0,2
2018-2019,20,2019-01-16,Monaco,Nice,19,7,1,1,3,0,4,1
2018-2019,20,2019-01-16,Nimes,Nantes,10,13,3,0,2,2,0,3
2018-2019,20,2019-01-16,St Etienne,Marseille,4,6,3,1,1,1,2,2
2018-2019,20,2019-01-16,Toulouse,Lyon,14,3,2,2,1,1,3,1
2018-2019,20,2019-01-18,Lille,Amiens,2,17,2,2,1,1,2,2
2018-2019,20,2019-01-19,Reims,Nice,11,7,1,3,1,0,4,1
2018-2019,20,2019-01-19,Paris SG,Guingamp,1,20,3,2,0,2,1,2
2018-2019,20,2019-01-19,Nimes,Toulouse,10,14,3,0,2,2,2,1
2018-2019,21,2019-01-19,Monaco,Strasbourg,19,8,1,2,2,2,2,1
2018-2019,21,2019-01-20,Angers,Nantes,15,13,0,3,2,2,0,3
2018-2019,21,2019-01-20,Bordeaux,Dijon,12,18,2,1,2,1,1,3
2018-2019,21,2019-01-20,Caen,Marseille,16,6,1,2,2,1,2,2
2018-2019,21,2019-01-20,Rennes,Montpellier,9,5,4,0,1,0,2,3
2018-2019,21,2019-01-20,St Etienne,Lyon,3,4,3,1,1,1,3,1
2018-2019,21,2019-01-23,Nimes,Angers,10,15,3,0,2,0,3,2
2018-2019,21,2019-01-25,Marseille,Lille,6,2,1,2,2,3,1,1
2018-2019,21,2019-01-26,Strasbourg,Bordeaux,8,12,2,2,1,2,1,2
2018-2019,21,2019-01-26,Nice,Nimes,7,10,1,3,1,3,0,2
2018-2019,22,2019-01-26,Guingamp,Reims,20,12,2,0,3,1,4,0
2018-2019,22,2019-01-26,Dijon,Monaco,18,19,0,1,4,0,2,3
2018-2019,22,2019-01-27,Amiens,Lyon,17,3,1,2,2,2,3,0
2018-2019,22,2019-01-27,Montpellier,Caen,7,16,0,3,2,1,2,2
2018-2019,22,2019-01-27,Paris SG,Rennes,1,9,5,0,0,3,1,1
2018-2019,22,2019-01-27,Toulouse,Angers,13,15,2,1,2,1,2,2
2018-2019,22,2019-01-30,Nantes,St Etienne,14,4,1,0,4,3,1,1
2018-2019,22,2019-02-01,Lille,Nice,2,8,3,1,1,1,3,1
2018-2019,22,2019-02-02,Rennes,Amiens,9,17,3,1,1,1,2,2
2018-2019,22,2019-02-02,Reims,Marseille,12,5,1,4,0,2,2,1
2018-2019,23,2019-02-02,Angers,Dijon,15,16,1,3,1,1,1,3
2018-2019,23,2019-02-02,Monaco,Toulouse,19,13,0,1,4,2,1,2
2018-2019,23,2019-02-03,Lyon,Paris SG,3,1,3,2,0,5,0,0
2018-2019,23,2019-02-03,Nimes,Montpellier,11,6,1,0,4,1,3,1
2018-2019,23,2019-02-05,Marseille,Bordeaux,7,12,2,2,1,1,1,3
2018-2019,23,2019-02-08,Dijon,Marseille,16,7,1,1,3,2,2,1
2018-2019,23,2019-02-09,Amiens,Caen,18,17,0,2,3,1,1,3
2018-2019,23,2019-02-09,Paris SG,Bordeaux,1,12,5,0,0,1,1,3
2018-2019,23,2019-02-09,Strasbourg,Angers,5,15,4,0,1,1,3,1
2018-2019,23,2019-02-10,Rennes,St Etienne,10,4,2,1,2,2,2,1
2018-2019,24,2019-02-10,Nice,Lyon,9,3,2,1,2,3,2,0
2018-2019,24,2019-02-10,Toulouse,Reims,15,8,2,1,2,2,3,0
2018-2019,24,2019-02-10,Montpellier,Monaco,5,18,1,4,0,1,1,3
2018-2019,24,2019-02-10,Nantes,Nimes,13,11,1,1,3,1,1,3
2018-2019,24,2019-02-10,Guingamp,Lille,20,2,1,1,3,4,0,1
2018-2019,24,2019-02-13,Caen,Nantes,17,13,0,1,4,1,1,3
2018-2019,24,2019-02-13,St Etienne,Strasbourg,4,6,3,1,1,4,0,1
2018-2019,24,2019-02-15,Lyon,Guingamp,3,20,3,2,0,1,1,3
2018-2019,24,2019-02-15,Nimes,Dijon,11,16,1,1,3,1,1,3
2018-2019,24,2019-02-16,Angers,Nice,14,9,2,2,1,2,1,2
2018-2019,25,2019-02-16,Marseille,Amiens,6,16,2,1,2,1,0,4
2018-2019,25,2019-02-16,Monaco,Nantes,18,14,1,2,2,1,1,3
2018-2019,25,2019-02-17,Lille,Montpellier,2,5,5,0,0,1,4,0
2018-2019,25,2019-02-17,St Etienne,Paris SG,4,1,2,1,2,4,0,1
2018-2019,25,2019-02-17,Reims,Rennes,10,8,2,3,0,3,1,1
2018-2019,25,2019-02-17,Caen,Strasbourg,19,9,0,0,5,3,0,2
2018-2019,25,2019-02-17,Bordeaux,Toulouse,13,15,1,1,3,1,2,2
2018-2019,25,2019-02-20,Bordeaux,Guingamp,13,20,1,1,3,0,1,4
2018-2019,25,2019-02-20,Paris SG,Montpellier,1,5,4,0,1,1,4,0
2018-2019,25,2019-02-22,Dijon,St Etienne,17,4,1,1,3,2,1,2
2018-2019,26,2019-02-22,Strasbourg,Lille,9,2,2,1,2,4,1,0
2018-2019,26,2019-02-23,Amiens,Nice,17,8,1,0,4,2,1,2
2018-2019,26,2019-02-23,Guingamp,Angers,20,12,0,1,4,4,1,0
2018-2019,26,2019-02-23,Paris SG,Nimes,1,10,4,0,1,2,1,2
2018-2019,26,2019-02-24,Rennes,Marseille,11,4,2,1,2,3,0,2
2018-2019,26,2019-02-24,Toulouse,Caen,15,19,1,2,2,0,1,4
2018-2019,26,2019-02-24,Nantes,Bordeaux,14,13,1,1,3,2,1,2
2018-2019,26,2019-02-24,Monaco,Lyon,16,3,2,1,2,4,0,1
2018-2019,26,2019-02-24,Montpellier,Reims,6,7,1,4,0,3,2,0
2018-2019,26,2019-03-02,Angers,Monaco,12,16,4,1,0,2,1,2
2018-2019,27,2019-03-02,Caen,Paris SG,18,1,0,2,3,4,0,1
2018-2019,27,2019-03-02,Reims,Amiens,6,17,4,1,0,2,0,3
2018-2019,27,2019-03-03,Guingamp,Nantes,20,14,1,1,3,2,1,2
2018-2019,27,2019-03-03,Lille,Dijon,2,19,3,2,0,1,0,4
2018-2019,27,2019-03-03,Lyon,Toulouse,3,15,3,0,2,0,3,2
2018-2019,27,2019-03-03,Marseille,St Etienne,5,4,2,1,2,2,1,2
2018-2019,27,2019-03-03,Nice,Strasbourg,10,8,2,0,3,1,2,2
2018-2019,27,2019-03-05,Bordeaux,Montpellier,13,7,1,1,3,1,3,1
2018-2019,27,2019-03-09,Strasbourg,Lyon,8,3,1,2,2,3,0,2
2018-2019,27,2019-03-09,Monaco,Bordeaux,16,13,3,1,1,1,1,3
2018-2019,28,2019-03-09,Amiens,Nimes,17,9,2,1,2,3,1,1
2018-2019,28,2019-03-09,Dijon,Reims,19,6,0,0,5,3,2,0
2018-2019,28,2019-03-10,Marseille,Nice,4,8,3,1,1,2,0,3
2018-2019,28,2019-03-10,Montpellier,Angers,7,12,1,3,1,3,1,1
2018-2019,28,2019-03-10,Rennes,Caen,11,18,2,1,2,0,2,3
2018-2019,28,2019-03-10,St Etienne,Lille,5,2,2,0,3,3,2,0
2018-2019,28,2019-03-10,Toulouse,Guingamp,15,20,0,2,3,1,2,2
2018-2019,28,2019-03-12,Dijon,Paris SG,19,1,0,0,5,4,0,1
2018-2019,28,2019-03-15,Nice,Toulouse,8,15,2,0,3,0,2,3
2018-2019,28,2019-03-15,Lille,Monaco,2,16,3,2,0,3,2,0
2018-2019,29,2019-03-16,Guingamp,Dijon,20,18,1,1,3,0,1,4
2018-2019,29,2019-03-16,Nimes,Strasbourg,10,11,3,0,2,0,3,2
2018-2019,29,2019-03-16,Angers,Amiens,12,16,2,2,1,3,1,1
2018-2019,29,2019-03-16,Caen,St Etienne,19,6,0,2,3,1,0,4
2018-2019,29,2019-03-17,Bordeaux,Rennes,14,8,1,1,3,2,1,2
2018-2019,29,2019-03-17,Lyon,Montpellier,3,7,2,1,2,1,3,1
2018-2019,29,2019-03-17,Paris SG,Marseille,1,4,4,0,1,4,1,0
2018-2019,29,2019-03-17,Reims,Nantes,5,13,2,3,0,2,1,2
2018-2019,29,2019-03-29,Rennes,Lyon,8,3,2,1,2,2,1,2
2018-2019,29,2019-03-30,Marseille,Angers,4,12,4,1,0,2,2,1
2018-2019,30,2019-03-31,Toulouse,Paris SG,15,1,1,2,2,4,0,1
2018-2019,30,2019-03-31,Monaco,Caen,16,20,3,2,0,0,2,3
2018-2019,30,2019-03-31,Nantes,Lille,14,2,2,1,2,2,2,1
2018-2019,30,2019-03-31,Amiens,Bordeaux,17,13,2,2,1,1,2,2
2018-2019,30,2019-03-31,Dijon,Nice,19,9,0,1,4,1,1,3
2018-2019,30,2019-04-01,St Etienne,Nimes,5,10,2,0,3,2,1,2
2018-2019,30,2019-04-03,Montpellier,Guingamp,7,18,1,2,2,2,1,2
2018-2019,30,2019-04-03,Strasbourg,Reims,11,6,0,4,1,3,2,0
2018-2019,30,2019-04-05,Bordeaux,Marseille,13,4,1,2,2,3,1,1
2018-2019,30,2019-04-06,Amiens,St Etienne,17,5,2,2,1,2,0,3
2018-2019,31,2019-04-06,Angers,Rennes,12,10,0,4,1,1,2,2
2018-2019,31,2019-04-06,Guingamp,Monaco,19,16,2,1,2,2,2,1
2018-2019,31,2019-04-06,Lyon,Dijon,3,20,3,1,1,0,1,4
2018-2019,31,2019-04-06,Nimes,Caen,11,18,1,1,3,1,1,3
2018-2019,31,2019-04-07,Toulouse,Nantes,15,14,1,2,2,2,1,2
2018-2019,31,2019-04-07,Reims,Lille,6,2,2,2,1,3,1,1
2018-2019,31,2019-04-07,Paris SG,Strasbourg,1,9,4,0,1,1,3,1
2018-2019,31,2019-04-07,Nice,Montpellier,8,7,2,1,2,2,1,2
2018-2019,31,2019-04-09,Nimes,Rennes,11,10,1,1,3,1,2,2
2018-2019,31,2019-04-12,Dijon,Amiens,20,17,0,1,4,2,3,0
2018-2019,32,2019-04-12,Nantes,Lyon,15,3,1,1,3,3,1,1
2018-2019,32,2019-04-13,Caen,Angers,19,12,1,0,4,0,5,0
2018-2019,32,2019-04-13,Marseille,Nimes,5,10,2,1,2,2,1,2
2018-2019,32,2019-04-13,Monaco,Reims,16,6,1,3,1,1,3,1
2018-2019,32,2019-04-13,Strasbourg,Guingamp,9,20,1,3,1,1,2,2
2018-2019,32,2019-04-14,Rennes,Nice,11,7,1,2,2,3,1,1
2018-2019,32,2019-04-14,St Etienne,Bordeaux,4,13,2,1,2,1,3,1
2018-2019,32,2019-04-14,Lille,Paris SG,2,1,3,1,1,3,1,1
2018-2019,32,2019-04-14,Montpellier,Toulouse,8,14,2,1,2,2,1,2
2018-2019,32,2019-04-17,Nantes,Paris SG,15,1,1,1,3,3,1,1
2018-2019,33,2019-04-19,Dijon,Rennes,18,10,1,2,2,1,3,1
2018-2019,33,2019-04-19,Lyon,Angers,3,12,2,1,2,1,4,0
2018-2019,33,2019-04-20,Guingamp,Marseille,19,5,1,2,2,2,1,2
2018-2019,33,2019-04-20,Nice,Caen,8,20,2,2,1,1,0,4
2018-2019,33,2019-04-20,Nimes,Bordeaux,11,13,1,1,3,1,3,1
2018-2019,33,2019-04-20,Strasbourg,Montpellier,9,6,1,4,0,2,1,2
2018-2019,33,2019-04-21,Reims,St Etienne,7,4,1,3,1,3,1,1
2018-2019,33,2019-04-21,Nantes,Amiens,14,17,2,0,3,1,4,0
2018-2019,33,2019-04-21,Paris SG,Monaco,1,16,2,1,2,1,3,1
2018-2019,33,2019-04-21,Toulouse,Lille,15,2,2,1,2,3,1,1
2018-2019,34,2019-04-26,Bordeaux,Lyon,14,3,1,2,2,3,0,2
2018-2019,34,2019-04-28,Amiens,Strasbourg,17,10,0,4,1,1,3,1
2018-2019,34,2019-04-28,Angers,Reims,12,7,1,3,1,1,2,2
2018-2019,34,2019-04-28,Caen,Dijon,19,18,2,0,3,2,1,2
2018-2019,34,2019-04-28,Lille,Nimes,2,9,2,2,1,2,1,2
2018-2019,34,2019-04-28,Marseille,Nantes,5,13,2,1,2,2,0,3
2018-2019,34,2019-04-28,Nice,Guingamp,8,20,2,2,1,1,2,2
2018-2019,34,2019-04-28,St Etienne,Toulouse,4,15,4,1,0,1,2,2
2018-2019,34,2019-04-30,Montpellier,Paris SG,6,1,3,0,2,3,1,1
2018-2019,34,2019-05-01,Rennes,Monaco,11,16,0,3,2,1,2,2
2018-2019,35,2019-05-03,Strasbourg,Marseille,10,6,1,3,1,2,1,2
2018-2019,35,2019-05-04,Reims,Nimes,8,9,0,3,2,2,0,3
2018-2019,35,2019-05-04,Paris SG,Nice,1,7,2,1,2,3,1,1
2018-2019,35,2019-05-04,Bordeaux,Angers,14,13,1,1,3,1,3,1
2018-2019,35,2019-05-04,Guingamp,Caen,20,18,0,2,3,3,0,2
2018-2019,35,2019-05-05,Lyon,Lille,3,2,3,0,2,3,2,0
2018-2019,35,2019-05-05,Monaco,St Etienne,16,4,0,3,2,4,1,0
2018-2019,35,2019-05-05,Montpellier,Amiens,5,17,4,0,1,0,4,1
2018-2019,35,2019-05-05,Nantes,Dijon,12,19,3,0,2,2,1,2
2018-2019,35,2019-05-05,Toulouse,Rennes,15,11,1,1,3,0,3,2
2018-2019,36,2019-05-10,St Etienne,Montpellier,4,5,4,1,0,3,1,1
2018-2019,36,2019-05-11,Nimes,Monaco,8,17,3,0,2,0,3,2
2018-2019,36,2019-05-11,Dijon,Strasbourg,19,10,2,1,2,0,4,1
2018-2019,36,2019-05-11,Nice,Nantes,7,11,2,2,1,4,0,1
2018-2019,36,2019-05-11,Angers,Paris SG,12,1,2,2,1,1,2,2
2018-2019,36,2019-05-11,Amiens,Toulouse,16,15,0,4,1,1,2,2
2018-2019,36,2019-05-11,Caen,Reims,18,9,2,1,2,0,3,2
2018-2019,36,2019-05-12,Lille,Bordeaux,2,14,2,3,0,1,0,4
2018-2019,36,2019-05-12,Marseille,Lyon,6,3,2,1,2,2,1,2
2018-2019,36,2019-05-12,Rennes,Guingamp,13,20,0,4,1,0,3,2
2018-2019,37,2019-05-18,Toulouse,Marseille,15,6,0,3,2,2,1,2
2018-2019,37,2019-05-18,Strasbourg,Rennes,11,12,0,3,2,0,4,1
2018-2019,37,2019-05-18,St Etienne,Nice,4,7,4,0,1,1,3,1
2018-2019,37,2019-05-18,Montpellier,Nantes,5,10,4,1,0,4,1,0
2018-2019,37,2019-05-18,Paris SG,Dijon,1,19,2,1,2,2,1,2
2018-2019,37,2019-05-18,Lyon,Caen,3,18,3,1,1,3,1,1
2018-2019,37,2019-05-18,Lille,Angers,2,13,3,2,0,2,1,2
2018-2019,37,2019-05-18,Guingamp,Nimes,20,8,0,3,2,3,0,2
2018-2019,37,2019-05-18,Bordeaux,Reims,14,9,0,0,5,0,2,3
2018-2019,37,2019-05-18,Monaco,Amiens,17,16,0,2,3,0,4,1
2018-2019,38,2019-05-24,Reims,Paris SG,9,1,1,1,3,3,1,1
2018-2019,38,2019-05-24,Amiens,Guingamp,17,20,0,3,2,0,3,2
2018-2019,38,2019-05-24,Angers,St Etienne,13,4,1,1,3,4,0,1
2018-2019,38,2019-05-24,Caen,Bordeaux,18,14,3,1,1,0,0,5
2018-2019,38,2019-05-24,Dijon,Toulouse,19,15,2,0,3,0,3,2
2018-2019,38,2019-05-24,Marseille,Montpellier,6,5,2,1,2,3,2,0
2018-2019,38,2019-05-24,Nantes,Strasbourg,11,12,3,2,0,0,2,3
2018-2019,38,2019-05-24,Nice,Monaco,8,16,1,2,2,1,1,3
2018-2019,38,2019-05-24,Nimes,Lyon,7,3,3,1,1,4,1,0
2018-2019,38,2019-05-24,Rennes,Lille,10,2,1,3,1,3,2,0
